fecha,local,visitante,goles_local,goles_visita,torneo,ciudad,pais_x,neutral,difgol,gana_local,gana_visita,ranking_local,abrev_local,ranking_visitante,abrev_visitante,dif_ranking
1993-04-04,El Salvador,Mexico,2,1,FIFA World Cup qualification,San Salvador,El Salvador,"FALSO
",1,1,0,50,"ESA
",25,MEX,25
1993-04-11,"Mexico
",Honduras,3,0,FIFA World Cup qualification,Ciudad de Mexico,Mexico,FALSE,3,1,0,25,"MEX
",32,"HON
",-7
1993-04-18,"Mexico
",El Salvador,3,1,FIFA World Cup qualification,Ciudad de Mexico,Mexico,FALSE,2,1,0,25,"MEX
",50,ESA,-25
1993-04-25,"Honduras
",El Salvador,2,0,FIFA World Cup qualification,Tegucigalpa,Honduras,FALSE,2,1,0,32,HON,50,ESA,-18
1993-05-02,"Honduras
",Mexico,1,4,FIFA World Cup qualification,Tegucigalpa,Honduras,FALSE,-3,0,1,32,HON,25,MEX,7
1993-05-09,El Salvador,Honduras,2,1,FIFA World Cup qualification,San Salvador,El Salvador,FALSO,1,1,0,50,"ESA
",32,"HON
",18
1993-07-10,Estados Unidos,Jamaica,1,0,Gold Cup,Dallas,Estados Unidos,FALSO,1,1,0,24,EUA,67,JAM,-43
1993-07-14,"Jamaica
",Honduras,3,1,Gold Cup,Dallas,Estados Unidos,VERDADERO,2,1,0,67,JAM,32,"HON
",35
1993-07-15,"Mexico
","Costa Rica
",1,1,Gold Cup,Ciudad de Mexico,Mexico,FALSE,0,0,0,25,"MEX
",37,CRI,-12
1993-07-17,Estados Unidos,Honduras,1,0,Gold Cup,Dallas,Estados Unidos,FALSO,1,1,0,24,EUA,32,"HON
",-8
1993-07-21,Estados Unidos,"Costa Rica
",1,0,Gold Cup,Dallas,Estados Unidos,FALSO,1,1,0,24,EUA,37,CRI,-13
1993-07-22,"Mexico
",Jamaica,6,1,Gold Cup,Ciudad de Mexico,Mexico,FALSE,5,1,0,25,"MEX
",67,JAM,-42
1993-07-25,Costa Rica,Jamaica,1,1,Gold Cup,Ciudad de Mexico,Mexico,VERDADERO,0,0,0,37,CRI,67,JAM,-30
1993-07-25,"Mexico
",Estados Unidos,4,0,Gold Cup,Ciudad de Mexico,Mexico,FALSE,4,1,0,25,"MEX
",24,EUA,1
1993-03-09,Honduras,El Salvador,3,0,UNCAF Cup,Tegucigalpa,Honduras,FALSE,3,1,0,62,HON,66,ESA,-4
1996-08-14,Honduras,El Salvador,2,1,Friendly,San Pedro Sula,Honduras,FALSE,1,1,0,62,HON,76,ESA,-14
1996-10-21,Honduras,El Salvador,1,1,Friendly,Tegucigalpa,Honduras,FALSE,0,0,0,62,HON,76,ESA,-14
1997-04-18,Honduras,El Salvador,3,0,UNCAF Cup,Guatemala,Guatemala,TRUE,3,1,0,62,HON,69,ESA,-7
1997-04-27,Honduras,El Salvador,0,0,UNCAF Cup,Guatemala,Guatemala,TRUE,0,0,0,62,HON,69,ESA,-7
1999-03-24,Honduras,El Salvador,3,1,UNCAF Cup,San José,Costa Rica,TRUE,2,1,0,62,HON,69,ESA,-7
2000-02-09,Honduras,El Salvador,5,1,Friendly,San Pedro Sula,Honduras,FALSE,4,1,0,62,HON,69,ESA,-7
2000-09-02,Honduras,El Salvador,5,0,FIFA World Cup qualification,San Pedro Sula,Honduras,FALSE,5,1,0,62,HON,69,ESA,-7
2001-05-27,Honduras,El Salvador,1,1,UNCAF Cup,San Pedro Sula,Honduras,FALSE,0,0,0,62,HON,69,ESA,-7
2003-02-15,Honduras,El Salvador,0,1,UNCAF Cup,Panama City,Panama,TRUE,-1,0,1,62,HON,69,ESA,-7
2003-06-29,Honduras,El Salvador,1,1,Friendly,Tegucigalpa,Honduras,FALSE,0,0,0,62,HON,69,ESA,-7
2006-09-06,Honduras,El Salvador,2,0,Friendly,Tegucigalpa,Honduras,FALSE,2,1,0,62,HON,69,ESA,-7
2009-01-26,Honduras,El Salvador,2,0,UNCAF Cup,Tegucigalpa,Honduras,FALSE,2,1,0,62,HON,69,ESA,-7
2009-02-01,Honduras,El Salvador,1,0,UNCAF Cup,Tegucigalpa,Honduras,FALSE,1,1,0,62,HON,69,ESA,-7
2009-06-10,Honduras,El Salvador,1,0,FIFA World Cup qualification,San Pedro Sula,Honduras,FALSE,1,1,0,62,HON,69,ESA,-7
2011-01-21,Honduras,El Salvador,2,0,UNCAF Cup,Panama City,Panama,TRUE,2,1,0,62,HON,69,ESA,-7
2013-01-18,Honduras,El Salvador,1,1,UNCAF Cup,San José,Costa Rica,TRUE,0,0,0,62,HON,69,ESA,-7
2013-07-12,Honduras,El Salvador,1,0,Gold Cup,Miami Gardens,United States,TRUE,1,1,0,62,HON,69,ESA,-7
2016-03-29,Honduras,El Salvador,2,0,FIFA World Cup qualification,San Pedro Sula,Honduras,FALSE,2,1,0,62,HON,69,ESA,-7
2019-06-25,Honduras,El Salvador,4,0,Gold Cup,Los Angeles,United States,TRUE,4,1,0,62,HON,69,ESA,-7
1994-05-03,El Salvador,Honduras,3,1,Friendly,Miami,United States,TRUE,2,1,0,66,"ESA
",62,"HON
",4
1996-08-21,El Salvador,Honduras,1,2,Friendly,San Salvador,El Salvador,FALSE,-1,0,1,76,"ESA
",62,"HON
",14
1998-11-18,El Salvador,Honduras,1,2,Friendly,Los Angeles,United States,TRUE,-1,0,1,69,"ESA
",62,"HON
",7
2000-07-16,El Salvador,Honduras,2,5,FIFA World Cup qualification,San Salvador,El Salvador,FALSE,-3,0,1,69,"ESA
",62,"HON
",7
2004-08-03,El Salvador,Honduras,0,4,Friendly,San Salvador,El Salvador,FALSE,-4,0,1,69,"ESA
",62,"HON
",7
2007-03-24,El Salvador,Honduras,0,2,Friendly,Fort Lauderdale,United States,TRUE,-2,0,1,69,"ESA
",62,"HON
",7
2007-03-27,El Salvador,Honduras,0,2,Friendly,Cary,United States,TRUE,-2,0,1,69,"ESA
",62,"HON
",7
2007-08-22,El Salvador,Honduras,2,0,Friendly,San Salvador,El Salvador,FALSE,2,1,0,69,"ESA
",62,"HON
",7
2009-10-14,El Salvador,Honduras,0,1,FIFA World Cup qualification,San Salvador,El Salvador,FALSE,-1,0,1,69,"ESA
",62,"HON
",7
2010-09-04,El Salvador,Honduras,2,2,Friendly,Los Angeles,United States,TRUE,0,0,0,69,"ESA
",62,"HON
",7
2011-05-29,El Salvador,Honduras,2,2,Friendly,Houston,United States,TRUE,0,0,0,69,"ESA
",62,"HON
",7
2012-06-02,El Salvador,Honduras,0,3,Friendly,Washington,United States,TRUE,-3,0,1,69,"ESA
",62,"HON
",7
2015-05-31,El Salvador,Honduras,0,2,Friendly,Washington,United States,TRUE,-2,0,1,69,"ESA
",62,"HON
",7
2016-03-25,El Salvador,Honduras,2,2,FIFA World Cup qualification,San Salvador,El Salvador,FALSE,0,0,0,69,"ESA
",62,"HON
",7
2017-01-15,El Salvador,Honduras,1,2,UNCAF Cup,Panama City,Panama,TRUE,-1,0,1,69,"ESA
",62,"HON
",7
2017-05-28,El Salvador,Honduras,2,2,Friendly,Washington,United States,TRUE,0,0,0,69,"ESA
",62,"HON
",7
2018-06-02,El Salvador,Honduras,1,0,Friendly,Houston,United States,TRUE,1,1,0,69,"ESA
",62,"HON
",7
1993-03-07,Honduras,Costa Rica,2,0,UNCAF Cup,Tegucigalpa,Honduras,FALSE,2,1,0,62,HON,46,CRI,16
1995-12-07,Honduras,Costa Rica,1,1,UNCAF Cup,San Salvador,El Salvador,TRUE,0,0,0,62,HON,46,CRI,16
1996-08-11,Honduras,Costa Rica,0,0,Friendly,Tegucigalpa,Honduras,FALSE,0,0,0,62,HON,46,CRI,16
1997-04-23,Honduras,Costa Rica,0,4,UNCAF Cup,Guatemala,Guatemala,TRUE,-4,0,1,62,HON,46,CRI,16
2001-07-01,Honduras,Costa Rica,2,3,FIFA World Cup qualification,Tegucigalpa,Honduras,FALSE,-1,0,1,62,HON,46,CRI,16
2001-07-13,Honduras,Costa Rica,0,1,Copa América,Medellín,Colombia,TRUE,-1,0,1,62,HON,46,CRI,16
2004-11-17,Honduras,Costa Rica,0,0,FIFA World Cup qualification,San Pedro Sula,Honduras,FALSE,0,0,0,62,HON,46,CRI,16
2005-07-16,Honduras,Costa Rica,3,2,Gold Cup,Foxborough,United States,TRUE,1,1,0,62,HON,46,CRI,16
2009-08-12,Honduras,Costa Rica,4,0,FIFA World Cup qualification,San Pedro Sula,Honduras,FALSE,4,1,0,62,HON,46,CRI,16
2011-01-23,Honduras,Costa Rica,2,1,UNCAF Cup,Panama City,Panama,TRUE,1,1,0,62,HON,46,CRI,16
2013-07-21,Honduras,Costa Rica,1,0,Gold Cup,Baltimore,United States,TRUE,1,1,0,62,HON,46,CRI,16
2013-10-11,Honduras,Costa Rica,1,0,FIFA World Cup qualification,San Pedro Sula,Honduras,FALSE,1,1,0,62,HON,46,CRI,16
2017-03-28,Honduras,Costa Rica,1,1,FIFA World Cup qualification,San Pedro Sula,Honduras,FALSE,0,0,0,62,HON,46,CRI,16
2017-07-07,Honduras,Costa Rica,0,1,Gold Cup,Harrison,United States,TRUE,-1,0,1,62,HON,46,CRI,16
1996-08-04,Costa Rica,Honduras,1,1,Friendly,San José,Costa Rica,FALSE,0,0,0,46,"CRI
",62,"HON
",-16
1998-01-21,Costa Rica,Honduras,1,4,Friendly,Nicoya,Costa Rica,FALSE,-3,0,1,46,"CRI
",62,"HON
",-16
1999-03-21,Costa Rica,Honduras,0,1,UNCAF Cup,San José,Costa Rica,FALSE,-1,0,1,46,"CRI
",62,"HON
",-16
1999-03-26,Costa Rica,Honduras,1,2,UNCAF Cup,San José,Costa Rica,FALSE,-1,0,1,46,"CRI
",62,"HON
",-16
1999-12-29,Costa Rica,Honduras,1,1,Friendly,Alajuela,Costa Rica,FALSE,0,0,0,46,"CRI
",62,"HON
",-16
2001-02-28,Costa Rica,Honduras,2,2,FIFA World Cup qualification,San José,Costa Rica,FALSE,0,0,0,46,"CRI
",62,"HON
",-16
2003-02-20,Costa Rica,Honduras,1,0,UNCAF Cup,Panama City,Panama,TRUE,1,1,0,46,"CRI
",62,"HON
",-16
2004-08-18,Costa Rica,Honduras,2,5,FIFA World Cup qualification,Alajuela,Costa Rica,FALSE,-3,0,1,46,"CRI
",62,"HON
",-16
2005-02-27,Costa Rica,Honduras,1,1,UNCAF Cup,Guatemala,Guatemala,TRUE,0,0,0,46,"CRI
",62,"HON
",-16
2007-02-09,Costa Rica,Honduras,3,1,UNCAF Cup,San Salvador,El Salvador,TRUE,2,1,0,46,"CRI
",62,"HON
",-16
2007-09-09,Costa Rica,Honduras,0,0,Friendly,East Hartford,United States,TRUE,0,0,0,46,"CRI
",62,"HON
",-16
2009-02-11,Costa Rica,Honduras,2,0,FIFA World Cup qualification,San José,Costa Rica,FALSE,2,1,0,46,"CRI
",62,"HON
",-16
2011-01-14,Costa Rica,Honduras,1,1,UNCAF Cup,Panama City,Panama,TRUE,0,0,0,46,"CRI
",62,"HON
",-16
2011-06-18,Costa Rica,Honduras,1,1,Gold Cup,East Rutherford,United States,TRUE,0,0,0,46,"CRI
",62,"HON
",-16
2012-04-11,Costa Rica,Honduras,1,1,Friendly,San José,Costa Rica,FALSE,0,0,0,46,"CRI
",62,"HON
",-16
2013-01-27,Costa Rica,Honduras,1,0,UNCAF Cup,San José,Costa Rica,FALSE,1,1,0,46,"CRI
",62,"HON
",-16
2013-06-07,Costa Rica,Honduras,1,0,FIFA World Cup qualification,San José,Costa Rica,FALSE,1,1,0,46,"CRI
",62,"HON
",-16
2017-10-07,Costa Rica,Honduras,1,1,FIFA World Cup qualification,San José,Costa Rica,FALSE,0,0,0,46,"CRI
",62,"HON
",-16
1996-10-26,Honduras,Jamaica,0,0,FIFA World Cup qualification,San Pedro Sula,Honduras,FALSE,0,0,0,62,HON,48,JAM,14
2000-10-08,Honduras,Jamaica,1,0,FIFA World Cup qualification,Tegucigalpa,Honduras,FALSE,1,1,0,62,HON,48,JAM,14
2001-09-05,Honduras,Jamaica,1,0,FIFA World Cup qualification,Tegucigalpa,Honduras,FALSE,1,1,0,62,HON,48,JAM,14
2008-09-10,Honduras,Jamaica,2,0,FIFA World Cup qualification,San Pedro Sula,Honduras,FALSE,2,1,0,62,HON,48,JAM,14
2011-06-13,Honduras,Jamaica,0,1,Gold Cup,Harrison,United States,TRUE,-1,0,1,62,HON,48,JAM,14
2011-10-11,Honduras,Jamaica,2,1,Friendly,La Ceiba,Honduras,FALSE,1,1,0,62,HON,48,JAM,14
2013-06-11,Honduras,Jamaica,2,0,FIFA World Cup qualification,Tegucigalpa,Honduras,FALSE,2,1,0,62,HON,48,JAM,14
1995-10-18,Jamaica,Honduras,1,0,Friendly,Kingston,Jamaica,FALSE,1,1,0,48,JAM,62,"HON
",-14
1996-09-15,Jamaica,Honduras,3,0,FIFA World Cup qualification,Kingston,Jamaica,FALSE,3,1,0,48,JAM,62,"HON
",-14
2000-02-14,Jamaica,Honduras,0,2,Gold Cup,Miami,United States,TRUE,-2,0,1,48,JAM,62,"HON
",-14
2000-07-23,Jamaica,Honduras,3,1,FIFA World Cup qualification,Kingston,Jamaica,FALSE,2,1,0,48,JAM,62,"HON
",-14
2001-04-25,Jamaica,Honduras,1,1,FIFA World Cup qualification,Kingston,Jamaica,FALSE,0,0,0,48,JAM,62,"HON
",-14
2004-03-31,Jamaica,Honduras,2,2,Friendly,Kingston,Jamaica,FALSE,0,0,0,48,JAM,62,"HON
",-14
2005-06-04,Jamaica,Honduras,0,0,Friendly,Atlanta,United States,TRUE,0,0,0,48,JAM,62,"HON
",-14
2008-10-15,Jamaica,Honduras,1,0,FIFA World Cup qualification,Kingston,Jamaica,FALSE,1,1,0,48,JAM,62,"HON
",-14
2013-10-15,Jamaica,Honduras,2,2,FIFA World Cup qualification,Kingston,Jamaica,FALSE,0,0,0,48,JAM,62,"HON
",-14
2019-06-17,Jamaica,Honduras,3,2,Gold Cup,Kingston,Jamaica,FALSE,1,1,0,48,JAM,62,"HON
",-14
1993-03-25,Honduras,"Estados Unidos
",4,1,Friendly,Tegucigalpa,Honduras,FALSE,3,1,0,62,HON,22,EUA,40
2001-03-28,Honduras,"Estados Unidos
",1,2,"Estados Unidos
",San Pedro Sula,Honduras,FALSE,-1,0,1,62,HON,22,EUA,40
2009-10-10,Honduras,"Estados Unidos
",2,3,FIFA World Cup qualification,San Pedro Sula,Honduras,FALSE,-1,0,1,62,HON,22,EUA,40
2013-02-06,Honduras,"Estados Unidos
",2,1,FIFA World Cup qualification,San Pedro Sula,Honduras,FALSE,1,1,0,62,HON,22,EUA,40
2017-09-05,Honduras,"Estados Unidos
",1,1,FIFA World Cup qualification,San Pedro Sula,Honduras,FALSE,0,0,0,62,HON,22,EUA,40
1994-12-11,"Estados Unidos
",Honduras,1,1,Friendly,Fullerton,United States,FALSE,0,0,0,22,EUA,62,"HON
",-40
2001-09-01,"Estados Unidos
",Honduras,2,3,FIFA World Cup qualification,Washington,United States,FALSE,-1,0,1,22,EUA,62,"HON
",-40
2002-03-02,"Estados Unidos
",Honduras,4,0,Friendly,Seattle,United States,FALSE,4,1,0,22,EUA,62,"HON
",-40
2004-06-02,"Estados Unidos
",Honduras,4,0,Friendly,Foxborough,United States,FALSE,4,1,0,22,EUA,62,"HON
",-40
2005-03-19,"Estados Unidos
",Honduras,1,0,Friendly,Albuquerque,United States,FALSE,1,1,0,22,EUA,62,"HON
",-40
2005-07-21,"Estados Unidos
",Honduras,2,1,Gold Cup,East Rutherford,United States,FALSE,1,1,0,22,EUA,62,"HON
",-40
2009-06-06,"Estados Unidos
",Honduras,2,1,FIFA World Cup qualification,Chicago,United States,FALSE,1,1,0,22,EUA,62,"HON
",-40
2009-07-08,"Estados Unidos
",Honduras,2,0,Gold Cup,Washington,United States,FALSE,2,1,0,22,EUA,62,"HON
",-40
2009-07-23,"Estados Unidos
",Honduras,2,0,Gold Cup,Chicago,United States,FALSE,2,1,0,22,EUA,62,"HON
",-40
2010-01-23,"Estados Unidos
",Honduras,1,3,Friendly,Carson,United States,FALSE,-2,0,1,22,EUA,62,"HON
",-40
2011-10-08,"Estados Unidos
",Honduras,1,0,Friendly,Miami Gardens,United States,FALSE,1,1,0,22,EUA,62,"HON
",-40
2013-06-18,"Estados Unidos
",Honduras,1,0,FIFA World Cup qualification,Sandy,United States,FALSE,1,1,0,22,EUA,62,"HON
",-40
2013-07-24,"Estados Unidos
",Honduras,3,1,Gold Cup,Arlington,United States,FALSE,2,1,0,22,EUA,62,"HON
",-40
2014-10-14,"Estados Unidos
",Honduras,1,1,Friendly,Boca Raton,United States,FALSE,0,0,0,22,EUA,62,"HON
",-40
2015-07-07,"Estados Unidos
",Honduras,2,1,Gold Cup,Frisco,United States,FALSE,1,1,0,22,EUA,62,"HON
",-40
2017-03-24,"Estados Unidos
",Honduras,6,0,FIFA World Cup qualification,San Jose,United States,FALSE,6,1,0,22,EUA,62,"HON
",-40
1996-09-21,Honduras,Mexico,2,1,FIFA World Cup qualification,San Pedro Sula,Honduras,FALSE,1,1,0,62,HON,11,MEX,51
2001-06-20,Honduras,Mexico,3,1,FIFA World Cup qualification,San Pedro Sula,Honduras,FALSE,2,1,0,62,HON,11,MEX,51
2007-06-10,Honduras,Mexico,2,1,Gold Cup,East Rutherford,United States,TRUE,1,1,0,62,HON,11,MEX,51
2008-11-19,Honduras,Mexico,1,0,FIFA World Cup qualification,San Pedro Sula,Honduras,FALSE,1,1,0,62,HON,11,MEX,51
2009-04-01,Honduras,Mexico,3,1,FIFA World Cup qualification,San Pedro Sula,Honduras,FALSE,2,1,0,62,HON,11,MEX,51
2011-06-22,Honduras,Mexico,0,2,Gold Cup,Houston,United States,TRUE,-2,0,1,62,HON,11,MEX,51
2013-03-22,Honduras,Mexico,2,2,FIFA World Cup qualification,San Pedro Sula,Honduras,FALSE,0,0,0,62,HON,11,MEX,51
2015-07-01,Honduras,Mexico,0,0,Friendly,Houston,United States,TRUE,0,0,0,62,HON,11,MEX,51
2015-11-17,Honduras,Mexico,0,2,FIFA World Cup qualification,San Pedro Sula,Honduras,FALSE,-2,0,1,62,HON,11,MEX,51
2017-10-10,Honduras,Mexico,3,2,FIFA World Cup qualification,San Pedro Sula,Honduras,FALSE,1,1,0,62,HON,11,MEX,51
1996-11-06,Mexico,Honduras,3,1,FIFA World Cup qualification,Mexico City,Mexico,FALSE,2,1,0,11,"MEX
",62,"HON
",-51
1998-02-07,Mexico,Honduras,2,0,Gold Cup,Oakland,United States,TRUE,2,1,0,11,"MEX
",62,"HON
",-51
2001-11-11,Mexico,Honduras,3,0,FIFA World Cup qualification,Mexico City,Mexico,FALSE,3,1,0,11,"MEX
",62,"HON
",-51
2003-07-17,Mexico,Honduras,0,0,Gold Cup,Mexico City,Mexico,FALSE,0,0,0,11,"MEX
",62,"HON
",-51
2008-08-20,Mexico,Honduras,2,1,FIFA World Cup qualification,Mexico City,Mexico,FALSE,1,1,0,11,"MEX
",62,"HON
",-51
2009-09-09,Mexico,Honduras,1,0,FIFA World Cup qualification,Mexico City,Mexico,FALSE,1,1,0,11,"MEX
",62,"HON
",-51
2013-09-06,Mexico,Honduras,1,2,FIFA World Cup qualification,Mexico City,Mexico,FALSE,-1,0,1,11,"MEX
",62,"HON
",-51
2016-09-06,Mexico,Honduras,0,0,FIFA World Cup qualification,Mexico City,Mexico,FALSE,0,0,0,11,"MEX
",62,"HON
",-51
2017-06-08,Mexico,Honduras,3,0,FIFA World Cup qualification,Mexico City,Mexico,FALSE,3,1,0,11,"MEX
",62,"HON
",-51
2017-07-20,Mexico,Honduras,1,0,Gold Cup,Glendale,United States,TRUE,1,1,0,11,"MEX
",62,"HON
",-51
1993-03-05,El Salvador,Costa Rica,0,1,UNCAF Cup,Tegucigalpa,Honduras,TRUE,-1,0,1,69,"ESA
",46,CRI,23
1995-12-03,El Salvador,Costa Rica,2,1,UNCAF Cup,San Salvador,El Salvador,FALSE,1,1,0,69,"ESA
",46,CRI,23
1995-12-10,El Salvador,Costa Rica,2,1,UNCAF Cup,San Salvador,El Salvador,FALSE,1,1,0,69,"ESA
",46,CRI,23
1997-05-04,El Salvador,Costa Rica,2,1,FIFA World Cup qualification,San Salvador,El Salvador,FALSE,1,1,0,69,"ESA
",46,CRI,23
2007-02-16,El Salvador,Costa Rica,0,2,UNCAF Cup,San Salvador,El Salvador,FALSE,-2,0,1,69,"ESA
",46,CRI,23
2007-10-13,El Salvador,Costa Rica,2,2,Friendly,San Salvador,El Salvador,FALSE,0,0,0,69,"ESA
",46,CRI,23
2008-11-19,El Salvador,Costa Rica,1,3,FIFA World Cup qualification,San Salvador,El Salvador,FALSE,-2,0,1,69,"ESA
",46,CRI,23
2009-09-09,El Salvador,Costa Rica,1,0,FIFA World Cup qualification,San Salvador,El Salvador,FALSE,1,1,0,69,"ESA
",46,CRI,23
2012-10-12,El Salvador,Costa Rica,0,1,FIFA World Cup qualification,San Salvador,El Salvador,FALSE,-1,0,1,69,"ESA
",46,CRI,23
1997-04-25,Costa Rica,El Salvador,1,0,UNCAF Cup,Guatemala,Guatemala,TRUE,1,1,0,46,"CRI
",69,ESA,-23
1997-08-10,Costa Rica,El Salvador,0,0,FIFA World Cup qualification,San José,Costa Rica,FALSE,0,0,0,46,"CRI
",69,ESA,-23
1999-03-28,Costa Rica,El Salvador,4,0,UNCAF Cup,San José,Costa Rica,FALSE,4,1,0,46,"CRI
",69,ESA,-23
2001-06-03,Costa Rica,El Salvador,1,1,UNCAF Cup,San Pedro Sula,Honduras,TRUE,0,0,0,46,"CRI
",69,ESA,-23
2003-02-11,Costa Rica,El Salvador,1,0,UNCAF Cup,Panama City,Panama,TRUE,1,1,0,46,"CRI
",69,ESA,-23
2003-07-19,Costa Rica,El Salvador,5,2,Gold Cup,Foxborough,United States,TRUE,3,1,0,46,"CRI
",69,ESA,-23
2005-02-21,Costa Rica,El Salvador,2,1,UNCAF Cup,Guatemala,Guatemala,TRUE,1,1,0,46,"CRI
",69,ESA,-23
2008-08-20,Costa Rica,El Salvador,1,0,FIFA World Cup qualification,San José,Costa Rica,FALSE,1,1,0,46,"CRI
",69,ESA,-23
2009-01-30,Costa Rica,El Salvador,3,0,UNCAF Cup,Tegucigalpa,Honduras,TRUE,3,1,0,46,"CRI
",69,ESA,-23
2009-04-01,Costa Rica,El Salvador,1,0,FIFA World Cup qualification,San José,Costa Rica,FALSE,1,1,0,46,"CRI
",69,ESA,-23
2009-07-03,Costa Rica,El Salvador,1,2,Gold Cup,Carson,United States,TRUE,-1,0,1,46,"CRI
",69,ESA,-23
2010-10-12,Costa Rica,El Salvador,2,1,Friendly,Ciudad Quesada,Costa Rica,FALSE,1,1,0,46,"CRI
",69,ESA,-23
2011-06-09,Costa Rica,El Salvador,1,1,Gold Cup,Charlotte,United States,TRUE,0,0,0,46,"CRI
",69,ESA,-23
2012-06-08,Costa Rica,El Salvador,2,2,FIFA World Cup qualification,San José,Costa Rica,FALSE,0,0,0,46,"CRI
",69,ESA,-23
2013-01-25,Costa Rica,El Salvador,1,0,UNCAF Cup,San José,Costa Rica,FALSE,1,1,0,46,"CRI
",69,ESA,-23
2015-07-11,Costa Rica,El Salvador,1,1,Gold Cup,Houston,United States,TRUE,0,0,0,46,"CRI
",69,ESA,-23
1997-11-09,El Salvador,Jamaica,2,2,FIFA World Cup qualification,San Salvador,El Salvador,FALSE,0,0,0,69,"ESA
",48,JAM,21
2000-11-15,El Salvador,Jamaica,2,0,FIFA World Cup qualification,San Salvador,El Salvador,FALSE,2,1,0,69,"ESA
",48,JAM,21
2004-09-08,El Salvador,Jamaica,0,3,FIFA World Cup qualification,San Salvador,El Salvador,FALSE,-3,0,1,69,"ESA
",48,JAM,21
2008-07-26,El Salvador,Jamaica,0,0,Friendly,Frisco,United States,TRUE,0,0,0,69,"ESA
",48,JAM,21
2009-05-30,El Salvador,Jamaica,0,0,Friendly,Washington,United States,TRUE,0,0,0,69,"ESA
",48,JAM,21
2009-07-10,El Salvador,Jamaica,0,1,Gold Cup,Miami,United States,TRUE,-1,0,1,69,"ESA
",48,JAM,21
2011-03-29,El Salvador,Jamaica,2,3,Friendly,San Salvador,El Salvador,FALSE,-1,0,1,69,"ESA
",48,JAM,21
2012-08-15,El Salvador,Jamaica,0,2,Friendly,Washington,United States,TRUE,-2,0,1,69,"ESA
",48,JAM,21
2019-03-24,El Salvador,Jamaica,2,0,CONCACAF Nations League qualification,San Salvador,El Salvador,FALSE,2,1,0,69,"ESA
",48,JAM,21
2019-06-21,El Salvador,Jamaica,0,0,Gold Cup,Houston,United States,TRUE,0,0,0,69,"ESA
",48,JAM,21
1997-05-18,Jamaica,El Salvador,1,0,FIFA World Cup qualification,Kingston,Jamaica,FALSE,1,1,0,48,JAM,69,ESA,-21
1998-02-09,Jamaica,El Salvador,2,0,Gold Cup,Los Angeles,United States,TRUE,2,1,0,48,JAM,69,ESA,-21
2000-08-16,Jamaica,El Salvador,1,0,FIFA World Cup qualification,Kingston,Jamaica,FALSE,1,1,0,48,JAM,69,ESA,-21
2003-11-16,Jamaica,El Salvador,3,0,Friendly,Kingston,Jamaica,FALSE,3,1,0,48,JAM,69,ESA,-21
2004-10-13,Jamaica,El Salvador,0,0,FIFA World Cup qualification,Kingston,Jamaica,FALSE,0,0,0,48,JAM,69,ESA,-21
2007-11-18,Jamaica,El Salvador,3,0,Friendly,Kingston,Jamaica,FALSE,3,1,0,48,JAM,69,ESA,-21
2015-07-14,Jamaica,El Salvador,1,0,Gold Cup,Toronto,Canada,TRUE,1,1,0,48,JAM,69,ESA,-21
2017-07-16,Jamaica,El Salvador,1,1,Gold Cup,San Antonio,United States,TRUE,0,0,0,48,JAM,69,ESA,-21
1993-03-23,El Salvador,Estados Unidos,2,2,Friendly,San Salvador,El Salvador,FALSE,0,0,0,69,"ESA
",22,EUA,47
1997-06-29,El Salvador,Estados Unidos,1,1,FIFA World Cup qualification,San Salvador,El Salvador,FALSE,0,0,0,69,"ESA
",22,EUA,47
2004-10-09,El Salvador,Estados Unidos,0,2,FIFA World Cup qualification,San Salvador,El Salvador,FALSE,-2,0,1,69,"ESA
",22,EUA,47
2009-03-28,El Salvador,Estados Unidos,2,2,FIFA World Cup qualification,San Salvador,El Salvador,FALSE,0,0,0,69,"ESA
",22,EUA,47
1993-12-05,Estados Unidos,El Salvador,7,0,Friendly,Mission Viejo,United States,FALSE,7,1,0,22,EUA,69,ESA,-47
1996-01-16,Estados Unidos,El Salvador,2,0,Gold Cup,Anaheim,United States,FALSE,2,1,0,22,EUA,69,ESA,-47
1996-08-30,Estados Unidos,El Salvador,3,1,Friendly,Los Angeles,United States,FALSE,2,1,0,22,EUA,69,ESA,-47
1997-11-16,Estados Unidos,El Salvador,4,2,FIFA World Cup qualification,Foxborough,United States,FALSE,2,1,0,22,EUA,69,ESA,-47
2002-01-27,Estados Unidos,El Salvador,4,0,Gold Cup,Pasadena,United States,FALSE,4,1,0,22,EUA,69,ESA,-47
2002-11-17,Estados Unidos,El Salvador,2,0,Friendly,Washington,United States,FALSE,2,1,0,22,EUA,69,ESA,-47
2003-07-12,Estados Unidos,El Salvador,2,0,Gold Cup,Foxborough,United States,FALSE,2,1,0,22,EUA,69,ESA,-47
2004-09-04,Estados Unidos,El Salvador,2,0,FIFA World Cup qualification,Foxborough,United States,FALSE,2,1,0,22,EUA,69,ESA,-47
2007-06-12,Estados Unidos,El Salvador,4,0,Gold Cup,Foxborough,United States,FALSE,4,1,0,22,EUA,69,ESA,-47
2009-09-05,Estados Unidos,El Salvador,2,1,FIFA World Cup qualification,Sandy City,United States,FALSE,1,1,0,22,EUA,69,ESA,-47
2010-02-24,Estados Unidos,El Salvador,2,1,Friendly,Tampa,United States,FALSE,1,1,0,22,EUA,69,ESA,-47
2013-07-21,Estados Unidos,El Salvador,5,1,Gold Cup,Baltimore,United States,FALSE,4,1,0,22,EUA,69,ESA,-47
2017-07-19,Estados Unidos,El Salvador,2,0,Gold Cup,Philadelphia,United States,FALSE,2,1,0,22,EUA,69,ESA,-47
1996-11-20,El Salvador,Mexico,1,3,Friendly,Los Angeles,United States,TRUE,-2,0,1,69,"ESA
",11,MEX,58
1997-06-08,El Salvador,Mexico,0,1,FIFA World Cup qualification,San Salvador,El Salvador,FALSE,-1,0,1,69,"ESA
",11,MEX,58
1998-11-17,El Salvador,Mexico,0,2,Friendly,Los Angeles,United States,TRUE,-2,0,1,69,"ESA
",11,MEX,58
2000-07-01,El Salvador,Mexico,0,3,Friendly,San Francisco,United States,TRUE,-3,0,1,69,"ESA
",11,MEX,58
2002-01-19,El Salvador,Mexico,0,1,Gold Cup,Pasadena,United States,TRUE,-1,0,1,69,"ESA
",11,MEX,58
2003-07-06,El Salvador,Mexico,2,1,Friendly,Carson,United States,TRUE,1,1,0,69,"ESA
",11,MEX,58
2009-06-06,El Salvador,Mexico,2,1,FIFA World Cup qualification,San Salvador,El Salvador,FALSE,1,1,0,69,"ESA
",11,MEX,58
2012-06-12,El Salvador,Mexico,1,2,FIFA World Cup qualification,San Salvador,El Salvador,FALSE,-1,0,1,69,"ESA
",11,MEX,58
2016-09-02,El Salvador,Mexico,1,3,FIFA World Cup qualification,San Salvador,El Salvador,FALSE,-2,0,1,69,"ESA
",11,MEX,58
1997-10-05,Mexico,El Salvador,5,0,FIFA World Cup qualification,Mexico City,Mexico,FALSE,5,1,0,11,"MEX
",69,ESA,-58
2001-10-31,Mexico,El Salvador,4,1,Friendly,Puebla,Mexico,FALSE,3,1,0,11,"MEX
",69,ESA,-58
2009-10-10,Mexico,El Salvador,4,1,FIFA World Cup qualification,Mexico City,Mexico,FALSE,3,1,0,11,"MEX
",69,ESA,-58
2011-06-05,Mexico,El Salvador,5,0,Gold Cup,Arlington,United States,TRUE,5,1,0,11,"MEX
",69,ESA,-58
2012-10-16,Mexico,El Salvador,2,0,FIFA World Cup qualification,Torreón,Mexico,FALSE,2,1,0,11,"MEX
",69,ESA,-58
2015-11-13,Mexico,El Salvador,3,0,FIFA World Cup qualification,Mexico City,Mexico,FALSE,3,1,0,11,"MEX
",69,ESA,-58
2017-07-09,Mexico,El Salvador,3,1,Gold Cup,San Diego,United States,TRUE,2,1,0,11,"MEX
",69,ESA,-58
1996-10-09,Costa Rica,Jamaica,0,0,Friendly,San José,Costa Rica,FALSE,0,0,0,46,"CRI
",48,JAM,-2
1997-05-11,Costa Rica,Jamaica,3,1,FIFA World Cup qualification,San José,Costa Rica,FALSE,2,1,0,46,"CRI
",48,JAM,-2
1999-02-24,Costa Rica,Jamaica,9,0,Friendly,San José,Costa Rica,FALSE,9,1,0,46,"CRI
",48,JAM,-2
2001-06-20,Costa Rica,Jamaica,2,1,FIFA World Cup qualification,Alajuela,Costa Rica,FALSE,1,1,0,46,"CRI
",48,JAM,-2
2013-03-26,Costa Rica,Jamaica,2,0,FIFA World Cup qualification,San José,Costa Rica,FALSE,2,1,0,46,"CRI
",48,JAM,-2
2015-07-08,Costa Rica,Jamaica,2,2,Gold Cup,Carson,United States,TRUE,0,0,0,46,"CRI
",48,JAM,-2
2016-03-29,Costa Rica,Jamaica,3,0,FIFA World Cup qualification,San José,Costa Rica,FALSE,3,1,0,46,"CRI
",48,JAM,-2
2019-03-26,Costa Rica,Jamaica,1,0,Friendly,San José,Costa Rica,FALSE,1,1,0,46,"CRI
",48,JAM,-2
1993-07-04,Jamaica,Costa Rica,1,1,Friendly,Kingston,Jamaica,FALSE,0,0,0,48,JAM,46,CRI,2
1995-09-27,Jamaica,Costa Rica,2,0,Friendly,Kingston,Jamaica,FALSE,2,1,0,48,JAM,46,CRI,2
1996-09-04,Jamaica,Costa Rica,2,0,Friendly,Kingston,Jamaica,FALSE,2,1,0,48,JAM,46,CRI,2
1997-09-14,Jamaica,Costa Rica,1,0,FIFA World Cup qualification,Kingston,Jamaica,FALSE,1,1,0,48,JAM,46,CRI,2
1999-02-10,Jamaica,Costa Rica,1,1,Friendly,Kingston,Jamaica,FALSE,0,0,0,48,JAM,46,CRI,2
2001-11-11,Jamaica,Costa Rica,0,1,FIFA World Cup qualification,Kingston,Jamaica,FALSE,-1,0,1,48,JAM,46,CRI,2
2008-02-06,Jamaica,Costa Rica,1,1,Friendly,Kingston,Jamaica,FALSE,0,0,0,48,JAM,46,CRI,2
2009-07-07,Jamaica,Costa Rica,0,1,Gold Cup,Columbus,United States,TRUE,-1,0,1,48,JAM,46,CRI,2
2010-09-05,Jamaica,Costa Rica,1,0,Friendly,Kingston,Jamaica,FALSE,1,1,0,48,JAM,46,CRI,2
2010-11-17,Jamaica,Costa Rica,0,0,Friendly,Fort Lauderdale,United States,TRUE,0,0,0,48,JAM,46,CRI,2
2012-03-21,Jamaica,Costa Rica,0,0,Friendly,Kingston,Jamaica,FALSE,0,0,0,48,JAM,46,CRI,2
2013-09-10,Jamaica,Costa Rica,1,1,FIFA World Cup qualification,Kingston,Jamaica,FALSE,0,0,0,48,JAM,46,CRI,2
2016-03-25,Jamaica,Costa Rica,1,1,FIFA World Cup qualification,Kingston,Jamaica,FALSE,0,0,0,48,JAM,46,CRI,2
1996-12-01,Costa Rica,Estados Unidos,2,1,FIFA World Cup qualification,San José,Costa Rica,FALSE,1,1,0,46,"CRI
",22,EUA,24
1997-03-23,Costa Rica,Estados Unidos,3,2,FIFA World Cup qualification,San José,Costa Rica,FALSE,1,1,0,46,"CRI
",22,EUA,24
2000-07-23,Costa Rica,Estados Unidos,2,1,FIFA World Cup qualification,San José,Costa Rica,FALSE,1,1,0,46,"CRI
",22,EUA,24
2001-09-05,Costa Rica,Estados Unidos,2,0,FIFA World Cup qualification,San José,Costa Rica,FALSE,2,1,0,46,"CRI
",22,EUA,24
2005-10-08,Costa Rica,Estados Unidos,3,0,FIFA World Cup qualification,San José,Costa Rica,FALSE,3,1,0,46,"CRI
",22,EUA,24
2009-06-03,Costa Rica,Estados Unidos,3,1,FIFA World Cup qualification,San José,Costa Rica,FALSE,2,1,0,46,"CRI
",22,EUA,24
2013-09-06,Costa Rica,Estados Unidos,3,1,FIFA World Cup qualification,San José,Costa Rica,FALSE,2,1,0,46,"CRI
",22,EUA,24
2016-11-15,Costa Rica,Estados Unidos,4,0,FIFA World Cup qualification,San José,Costa Rica,FALSE,4,1,0,46,"CRI
",22,EUA,24
1995-05-28,Estados Unidos,Costa Rica,1,2,Friendly,Tampa,United States,FALSE,-1,0,1,22,EUA,46,CRI,-24
1996-12-14,Estados Unidos,Costa Rica,2,1,FIFA World Cup qualification,Palo Alto,United States,FALSE,1,1,0,22,EUA,46,CRI,-24
1997-09-07,Estados Unidos,Costa Rica,1,0,FIFA World Cup qualification,Portland,United States,FALSE,1,1,0,22,EUA,46,CRI,-24
1998-02-07,Estados Unidos,Costa Rica,2,1,Gold Cup,Oakland,United States,FALSE,1,1,0,22,EUA,46,CRI,-24
2000-10-11,Estados Unidos,Costa Rica,0,0,FIFA World Cup qualification,Columbus,United States,FALSE,0,0,0,22,EUA,46,CRI,-24
2001-04-25,Estados Unidos,Costa Rica,1,0,FIFA World Cup qualification,Kansas City,United States,FALSE,1,1,0,22,EUA,46,CRI,-24
2002-02-02,Estados Unidos,Costa Rica,2,0,Gold Cup,Pasadena,United States,FALSE,2,1,0,22,EUA,46,CRI,-24
2003-07-26,Estados Unidos,Costa Rica,3,2,Gold Cup,Miami,United States,FALSE,1,1,0,22,EUA,46,CRI,-24
2005-06-04,Estados Unidos,Costa Rica,3,0,FIFA World Cup qualification,Salt Lake City,United States,FALSE,3,1,0,22,EUA,46,CRI,-24
2005-07-12,Estados Unidos,Costa Rica,0,0,Gold Cup,Foxborough,United States,FALSE,0,0,0,22,EUA,46,CRI,-24
2009-10-14,Estados Unidos,Costa Rica,2,2,FIFA World Cup qualification,Washington,United States,FALSE,0,0,0,22,EUA,46,CRI,-24
2011-09-02,Estados Unidos,Costa Rica,0,1,Friendly,Carson,United States,FALSE,-1,0,1,22,EUA,46,CRI,-24
2013-03-22,Estados Unidos,Costa Rica,1,0,FIFA World Cup qualification,Commerce City,United States,FALSE,1,1,0,22,EUA,46,CRI,-24
2013-07-16,Estados Unidos,Costa Rica,1,0,Gold Cup,East Hartford,United States,FALSE,1,1,0,22,EUA,46,CRI,-24
2016-06-07,Estados Unidos,Costa Rica,4,0,Copa América,Chicago,United States,FALSE,4,1,0,22,EUA,46,CRI,-24
2017-07-22,Estados Unidos,Costa Rica,2,0,Gold Cup,Arlington,United States,FALSE,2,1,0,22,EUA,46,CRI,-24
2017-09-01,Estados Unidos,Costa Rica,0,2,FIFA World Cup qualification,Harrison,United States,FALSE,-2,0,1,22,EUA,46,CRI,-24
2019-02-02,Estados Unidos,Costa Rica,2,0,Friendly,San Jose,United States,FALSE,2,1,0,22,EUA,46,CRI,-24
2020-02-01,Estados Unidos,Costa Rica,1,0,Friendly,Carson,United States,FALSE,1,1,0,22,EUA,46,CRI,-24
1993-06-29,Costa Rica,Mexico,0,2,Friendly,San José,Costa Rica,FALSE,-2,0,1,46,"CRI
",11,MEX,35
1997-03-16,Costa Rica,Mexico,0,0,FIFA World Cup qualification,San José,Costa Rica,FALSE,0,0,0,46,"CRI
",11,MEX,35
2001-10-07,Costa Rica,Mexico,0,0,FIFA World Cup qualification,San José,Costa Rica,FALSE,0,0,0,46,"CRI
",11,MEX,35
2005-02-09,Costa Rica,Mexico,1,2,FIFA World Cup qualification,San José,Costa Rica,FALSE,-1,0,1,46,"CRI
",11,MEX,35
2009-07-23,Costa Rica,Mexico,1,1,Gold Cup,Chicago,United States,TRUE,0,0,0,46,"CRI
",11,MEX,35
2009-09-05,Costa Rica,Mexico,0,3,FIFA World Cup qualification,San José,Costa Rica,FALSE,-3,0,1,46,"CRI
",11,MEX,35
2012-09-07,Costa Rica,Mexico,0,2,FIFA World Cup qualification,San José,Costa Rica,FALSE,-2,0,1,46,"CRI
",11,MEX,35
2013-10-15,Costa Rica,Mexico,2,1,FIFA World Cup qualification,San José,Costa Rica,FALSE,1,1,0,46,"CRI
",11,MEX,35
2017-09-05,Costa Rica,Mexico,1,1,FIFA World Cup qualification,San José,Costa Rica,FALSE,0,0,0,46,"CRI
",11,MEX,35
1997-06-19,Mexico,Costa Rica,1,1,Copa América,Santa Cruz,Bolivia,TRUE,0,0,0,11,"MEX
",46,CRI,-35
1997-11-09,Mexico,Costa Rica,3,3,FIFA World Cup qualification,Mexico City,Mexico,FALSE,0,0,0,11,"MEX
",46,CRI,-35
2001-06-16,Mexico,Costa Rica,1,2,FIFA World Cup qualification,Mexico City,Mexico,FALSE,-1,0,1,11,"MEX
",46,CRI,-35
2003-07-24,Mexico,Costa Rica,2,0,Gold Cup,Mexico City,Mexico,FALSE,2,1,0,11,"MEX
",46,CRI,-35
2004-03-31,Mexico,Costa Rica,2,0,Friendly,Carson,United States,TRUE,2,1,0,11,"MEX
",46,CRI,-35
2005-08-17,Mexico,Costa Rica,2,0,FIFA World Cup qualification,Mexico City,Mexico,FALSE,2,1,0,11,"MEX
",46,CRI,-35
2007-06-17,Mexico,Costa Rica,1,0,Gold Cup,Houston,United States,TRUE,1,1,0,11,"MEX
",46,CRI,-35
2009-03-28,Mexico,Costa Rica,2,0,FIFA World Cup qualification,Mexico City,Mexico,FALSE,2,1,0,11,"MEX
",46,CRI,-35
2011-06-12,Mexico,Costa Rica,4,1,Gold Cup,Chicago,United States,TRUE,3,1,0,11,"MEX
",46,CRI,-35
2012-09-11,Mexico,Costa Rica,1,0,FIFA World Cup qualification,Mexico City,Mexico,FALSE,1,1,0,11,"MEX
",46,CRI,-35
2013-06-11,Mexico,Costa Rica,0,0,FIFA World Cup qualification,Mexico City,Mexico,FALSE,0,0,0,11,"MEX
",46,CRI,-35
2015-06-27,Mexico,Costa Rica,2,2,Friendly,Orlando,United States,TRUE,0,0,0,11,"MEX
",46,CRI,-35
2015-07-19,Mexico,Costa Rica,1,0,Gold Cup,East Rutherford,United States,TRUE,1,1,0,11,"MEX
",46,CRI,-35
2017-03-24,Mexico,Costa Rica,2,0,FIFA World Cup qualification,Mexico City,Mexico,FALSE,2,1,0,11,"MEX
",46,CRI,-35
2018-10-11,Mexico,Costa Rica,3,2,Friendly,San Nicolás de los Garza,Mexico,FALSE,1,1,0,11,"MEX
",46,CRI,-35
2019-06-29,Mexico,Costa Rica,1,1,Gold Cup,Houston,United States,TRUE,0,0,0,11,"MEX
",46,CRI,-35
1994-11-22,Jamaica,Estados Unidos,0,3,Friendly,Kingston,Jamaica,FALSE,-3,0,1,48,JAM,22,EUA,26
1997-03-02,Jamaica,Estados Unidos,0,0,FIFA World Cup qualification,Kingston,Jamaica,FALSE,0,0,0,48,JAM,22,EUA,26
1999-09-08,Jamaica,Estados Unidos,2,2,Friendly,Kingston,Jamaica,FALSE,0,0,0,48,JAM,22,EUA,26
2001-06-16,Jamaica,Estados Unidos,0,0,FIFA World Cup qualification,Kingston,Jamaica,FALSE,0,0,0,48,JAM,22,EUA,26
2003-02-12,Jamaica,Estados Unidos,1,2,Friendly,Kingston,Jamaica,FALSE,-1,0,1,48,JAM,22,EUA,26
2004-08-18,Jamaica,Estados Unidos,1,1,FIFA World Cup qualification,Kingston,Jamaica,FALSE,0,0,0,48,JAM,22,EUA,26
2012-09-07,Jamaica,Estados Unidos,2,1,FIFA World Cup qualification,Kingston,Jamaica,FALSE,1,1,0,48,JAM,22,EUA,26
2013-06-07,Jamaica,Estados Unidos,1,2,FIFA World Cup qualification,Kingston,Jamaica,FALSE,-1,0,1,48,JAM,22,EUA,26
1993-11-07,Estados Unidos,Jamaica,1,0,Friendly,Fullerton,United States,FALSE,1,1,0,22,EUA,48,JAM,-26
1997-10-03,Estados Unidos,Jamaica,1,1,FIFA World Cup qualification,Washington,United States,FALSE,0,0,0,22,EUA,48,JAM,-26
2001-10-07,Estados Unidos,Jamaica,2,1,FIFA World Cup qualification,Foxborough,United States,FALSE,1,1,0,22,EUA,48,JAM,-26
2002-05-16,Estados Unidos,Jamaica,5,0,Friendly,East Rutherford,United States,FALSE,5,1,0,22,EUA,48,JAM,-26
2004-11-17,Estados Unidos,Jamaica,1,1,FIFA World Cup qualification,Columbus,United States,FALSE,0,0,0,22,EUA,48,JAM,-26
2005-07-16,Estados Unidos,Jamaica,3,1,Gold Cup,Foxborough,United States,FALSE,2,1,0,22,EUA,48,JAM,-26
2006-04-11,Estados Unidos,Jamaica,1,1,Friendly,Cary,United States,FALSE,0,0,0,22,EUA,48,JAM,-26
2011-06-19,Estados Unidos,Jamaica,2,0,Gold Cup,Washington,United States,FALSE,2,1,0,22,EUA,48,JAM,-26
2012-09-11,Estados Unidos,Jamaica,1,0,FIFA World Cup qualification,Columbus,United States,FALSE,1,1,0,22,EUA,48,JAM,-26
2013-10-11,Estados Unidos,Jamaica,2,0,FIFA World Cup qualification,Kansas City,United States,FALSE,2,1,0,22,EUA,48,JAM,-26
2015-07-22,Estados Unidos,Jamaica,1,2,Gold Cup,Atlanta,United States,FALSE,-1,0,1,22,EUA,48,JAM,-26
2017-07-26,Estados Unidos,Jamaica,2,1,Gold Cup,Santa Clara,United States,FALSE,1,1,0,22,EUA,48,JAM,-26
2019-06-05,Estados Unidos,Jamaica,0,1,Friendly,Washington,United States,FALSE,-1,0,1,22,EUA,48,JAM,-26
2019-07-03,Estados Unidos,Jamaica,3,1,Gold Cup,Nashville,United States,FALSE,2,1,0,22,EUA,48,JAM,-26
1995-12-20,Jamaica,Mexico,2,1,Friendly,Kingston,Jamaica,FALSE,1,1,0,48,JAM,11,MEX,37
1996-11-17,Jamaica,Mexico,1,0,FIFA World Cup qualification,Kingston,Jamaica,FALSE,1,1,0,48,JAM,11,MEX,37
1997-11-16,Jamaica,Mexico,0,0,FIFA World Cup qualification,Kingston,Jamaica,FALSE,0,0,0,48,JAM,11,MEX,37
1998-02-12,Jamaica,Mexico,0,1,Gold Cup,Los Angeles,United States,TRUE,-1,0,1,48,JAM,11,MEX,37
2001-09-02,Jamaica,Mexico,1,2,FIFA World Cup qualification,Kingston,Jamaica,FALSE,-1,0,1,48,JAM,11,MEX,37
2008-10-11,Jamaica,Mexico,1,0,FIFA World Cup qualification,Kingston,Jamaica,FALSE,1,1,0,48,JAM,11,MEX,37
2013-06-04,Jamaica,Mexico,0,1,FIFA World Cup qualification,Kingston,Jamaica,FALSE,-1,0,1,48,JAM,11,MEX,37
2015-07-26,Jamaica,Mexico,1,3,Gold Cup,Philadelphia,United States,TRUE,-2,0,1,48,JAM,11,MEX,37
1996-10-16,Mexico,Jamaica,2,1,FIFA World Cup qualification,Mexico City,Mexico,FALSE,1,1,0,11,"MEX
",48,JAM,-37
1997-04-13,Mexico,Jamaica,6,0,FIFA World Cup qualification,Mexico City,Mexico,FALSE,6,1,0,11,"MEX
",48,JAM,-37
2001-03-25,Mexico,Jamaica,4,0,FIFA World Cup qualification,Mexico City,Mexico,FALSE,4,1,0,11,"MEX
",48,JAM,-37
2003-07-20,Mexico,Jamaica,5,0,Gold Cup,Mexico City,Mexico,FALSE,5,1,0,11,"MEX
",48,JAM,-37
2005-07-13,Mexico,Jamaica,1,0,Gold Cup,Houston,United States,TRUE,1,1,0,11,"MEX
",48,JAM,-37
2013-02-06,Mexico,Jamaica,0,0,FIFA World Cup qualification,Mexico City,Mexico,FALSE,0,0,0,11,"MEX
",48,JAM,-37
2016-06-09,Mexico,Jamaica,2,0,Copa América,Pasadena,United States,TRUE,2,1,0,11,"MEX
",48,JAM,-37
2017-07-13,Mexico,Jamaica,0,0,Gold Cup,Denver,United States,TRUE,0,0,0,11,"MEX
",48,JAM,-37
2017-07-23,Mexico,Jamaica,0,1,Gold Cup,Pasadena,United States,TRUE,-1,0,1,11,"MEX
",48,JAM,-37
1993-10-13,Estados Unidos,Mexico,1,1,Friendly,Washington,United States,FALSE,0,0,0,22,EUA,11,MEX,11
1994-06-04,Estados Unidos,Mexico,1,0,Friendly,Pasadena,United States,FALSE,1,1,0,22,EUA,11,MEX,11
1995-06-18,Estados Unidos,Mexico,4,0,USA Cup,Washington,United States,FALSE,4,1,0,22,EUA,11,MEX,11
1995-07-17,Estados Unidos,Mexico,0,0,Copa América,Paysandú,Uruguay,TRUE,0,0,0,22,EUA,11,MEX,11
1996-06-16,Estados Unidos,Mexico,2,2,USA Cup,Pasadena,United States,FALSE,0,0,0,22,EUA,11,MEX,11
1997-01-19,Estados Unidos,Mexico,0,2,USA Cup,Pasadena,United States,FALSE,-2,0,1,22,EUA,11,MEX,11
1997-04-20,Estados Unidos,Mexico,2,2,FIFA World Cup qualification,Foxborough,United States,FALSE,0,0,0,22,EUA,11,MEX,11
1998-02-15,Estados Unidos,Mexico,0,1,Gold Cup,Los Angeles,United States,FALSE,-1,0,1,22,EUA,11,MEX,11
1999-03-13,Estados Unidos,Mexico,1,2,USA Cup,San Diego,United States,FALSE,-1,0,1,22,EUA,11,MEX,11
2000-06-11,Estados Unidos,Mexico,3,0,USA Cup,East Rutherford,United States,FALSE,3,1,0,22,EUA,11,MEX,11
2000-10-25,Estados Unidos,Mexico,2,0,Friendly,Los Angeles,United States,FALSE,2,1,0,22,EUA,11,MEX,11
2001-02-28,Estados Unidos,Mexico,2,0,FIFA World Cup qualification,Columbus,United States,FALSE,2,1,0,22,EUA,11,MEX,11
2003-05-08,Estados Unidos,Mexico,0,0,Friendly,Houston,United States,FALSE,0,0,0,22,EUA,11,MEX,11
2004-04-28,Estados Unidos,Mexico,1,0,Friendly,Dallas,United States,FALSE,1,1,0,22,EUA,11,MEX,11
2005-09-03,Estados Unidos,Mexico,2,0,FIFA World Cup qualification,Columbus,United States,FALSE,2,1,0,22,EUA,11,MEX,11
2007-02-07,Estados Unidos,Mexico,2,0,Friendly,Glendale,United States,FALSE,2,1,0,22,EUA,11,MEX,11
2007-06-24,Estados Unidos,Mexico,2,1,Gold Cup,Chicago,United States,FALSE,1,1,0,22,EUA,11,MEX,11
2008-02-06,Estados Unidos,Mexico,2,2,Friendly,Houston,United States,FALSE,0,0,0,22,EUA,11,MEX,11
2009-02-11,Estados Unidos,Mexico,2,0,FIFA World Cup qualification,Columbus,United States,FALSE,2,1,0,22,EUA,11,MEX,11
2009-07-26,Estados Unidos,Mexico,0,5,Gold Cup,East Rutherford,United States,FALSE,-5,0,1,22,EUA,11,MEX,11
2011-06-25,Estados Unidos,Mexico,2,4,Gold Cup,Pasadena,United States,FALSE,-2,0,1,22,EUA,11,MEX,11
2011-08-10,Estados Unidos,Mexico,1,1,Friendly,Philadelphia,United States,FALSE,0,0,0,22,EUA,11,MEX,11
2013-09-10,Estados Unidos,Mexico,2,0,FIFA World Cup qualification,Columbus,United States,FALSE,2,1,0,22,EUA,11,MEX,11
2015-04-15,Estados Unidos,Mexico,2,0,Friendly,San Antonio,United States,FALSE,2,1,0,22,EUA,11,MEX,11
2015-10-10,Estados Unidos,Mexico,2,3,Friendly,Pasadena,United States,FALSE,-1,0,1,22,EUA,11,MEX,11
2018-09-11,Estados Unidos,Mexico,1,0,Friendly,Nashville,United States,FALSE,1,1,0,22,EUA,11,MEX,11
2019-07-07,Estados Unidos,Mexico,0,1,Gold Cup,Chicago,United States,FALSE,-1,0,1,22,EUA,11,MEX,11
2019-09-06,Estados Unidos,Mexico,0,3,Friendly,East Rutherford,United States,TRUE,-3,0,1,22,EUA,11,MEX,11
1997-11-02,Mexico,Estados Unidos,0,0,FIFA World Cup qualification,Mexico City,Mexico,FALSE,0,0,0,11,"MEX
",22,EUA,-11
1999-08-01,Mexico,Estados Unidos,1,0,Confederations Cup,Mexico City,Mexico,FALSE,1,1,0,11,"MEX
",22,EUA,-11
2001-07-01,Mexico,Estados Unidos,1,0,FIFA World Cup qualification,Mexico City,Mexico,FALSE,1,1,0,11,"MEX
",22,EUA,-11
2002-06-17,Mexico,Estados Unidos,0,2,FIFA World Cup,Jeonju,South Korea,TRUE,-2,0,1,11,"MEX
",22,EUA,-11
2005-03-27,Mexico,Estados Unidos,2,1,FIFA World Cup qualification,Mexico City,Mexico,FALSE,1,1,0,11,"MEX
",22,EUA,-11
2009-08-12,Mexico,Estados Unidos,2,1,FIFA World Cup qualification,Mexico City,Mexico,FALSE,1,1,0,11,"MEX
",22,EUA,-11
2012-08-15,Mexico,Estados Unidos,0,1,Friendly,Mexico City,Mexico,FALSE,-1,0,1,11,"MEX
",22,EUA,-11
2013-03-26,Mexico,Estados Unidos,0,0,FIFA World Cup qualification,Mexico City,Mexico,FALSE,0,0,0,11,"MEX
",22,EUA,-11
2017-06-11,Mexico,Estados Unidos,1,1,FIFA World Cup qualification,Mexico City,Mexico,FALSE,0,0,0,11,"MEX
",22,EUA,-11