ID,Name,Age,Photo,Nationality,Flag,Overall,Potential,Club,Club Logo,Value,Wage,Special,Preferred Foot,Position,Height,Weight,Crossing,Finishing,HeadingAccuracy,ShortPassing,Volleys,Dribbling,Curve,FKAccuracy,LongPassing,BallControl,Acceleration,SprintSpeed,Agility,Reactions,Balance,ShotPower,Jumping,Stamina,Strength,LongShots,Aggression,Interceptions,Positioning,Vision,Penalties,Composure,Marking,StandingTackle,SlidingTackle,GKDiving,GKHandling,GKKicking,GKPositioning,GKReflexes
214584.0,F. Armani,31.0,https://cdn.sofifa.org/players/4/19/214584.png,Argentina,https://cdn.sofifa.org/flags/52.png,80.0,80.0,River Plate,https://cdn.sofifa.org/teams/2/light/1876.png,â¬9M,â¬22K,1224.0,Right,GK,6'2,194lbs,18.0,11.0,19.0,34.0,18.0,19.0,14.0,16.0,21.0,29.0,40.0,40.0,40.0,79.0,34.0,25.0,65.0,28.0,82.0,17.0,35.0,21.0,18.0,55.0,20.0,48.0,10.0,13.0,18.0,79.0,74.0,69.0,79.0,84.0
237221.0,J. Foyth,20.0,https://cdn.sofifa.org/players/4/19/237221.png,Argentina,https://cdn.sofifa.org/flags/52.png,72.0,85.0,Tottenham Hotspur,https://cdn.sofifa.org/teams/2/light/18.png,â¬5.5M,â¬33K,1750.0,Right,CB,6'2,152lbs,41.0,43.0,73.0,71.0,43.0,66.0,41.0,47.0,49.0,69.0,71.0,71.0,72.0,73.0,72.0,56.0,72.0,65.0,71.0,39.0,58.0,72.0,46.0,52.0,47.0,57.0,70.0,75.0,72.0,8.0,15.0,7.0,14.0,9.0
211256.0,N. Tagliafico,25.0,https://cdn.sofifa.org/players/4/19/211256.png,Argentina,https://cdn.sofifa.org/flags/52.png,80.0,82.0,Ajax,https://cdn.sofifa.org/teams/2/light/245.png,â¬15M,â¬20K,2025.0,Left,LB,5'7,143lbs,75.0,57.0,73.0,75.0,38.0,74.0,61.0,40.0,67.0,74.0,85.0,86.0,79.0,75.0,79.0,66.0,90.0,91.0,63.0,44.0,78.0,77.0,67.0,68.0,46.0,73.0,78.0,78.0,78.0,13.0,9.0,10.0,15.0,16.0
215256.0,R. Saravia,25.0,https://cdn.sofifa.org/players/4/19/215256.png,Argentina,https://cdn.sofifa.org/flags/52.png,74.0,77.0,Racing Club,https://cdn.sofifa.org/teams/2/light/101085.png,â¬6M,â¬16K,1852.0,Right,RB,5'9,165lbs,71.0,34.0,52.0,66.0,32.0,77.0,57.0,58.0,68.0,67.0,88.0,89.0,76.0,72.0,66.0,51.0,85.0,91.0,68.0,37.0,83.0,64.0,35.0,32.0,48.0,68.0,74.0,71.0,73.0,12.0,12.0,16.0,12.0,15.0
207439.0,L. Paredes,24.0,https://cdn.sofifa.org/players/4/19/207439.png,Argentina,https://cdn.sofifa.org/flags/52.png,80.0,85.0,,https://cdn.sofifa.org/flags/52.png,â¬0,â¬0,2122.0,Right,CM,5'11,165lbs,76.0,55.0,60.0,84.0,73.0,78.0,79.0,78.0,82.0,82.0,75.0,69.0,77.0,74.0,77.0,82.0,61.0,79.0,69.0,80.0,79.0,72.0,74.0,82.0,57.0,74.0,73.0,75.0,72.0,9.0,14.0,6.0,9.0,10.0
193601.0,G. Pezzella,27.0,https://cdn.sofifa.org/players/4/19/193601.png,Argentina,https://cdn.sofifa.org/flags/52.png,79.0,81.0,Fiorentina,https://cdn.sofifa.org/teams/2/light/110374.png,â¬12.5M,â¬56K,1667.0,Right,RCB,6'1,179lbs,40.0,48.0,82.0,64.0,40.0,54.0,46.0,25.0,58.0,66.0,52.0,52.0,34.0,77.0,48.0,54.0,84.0,55.0,77.0,50.0,82.0,80.0,50.0,22.0,35.0,72.0,78.0,82.0,78.0,7.0,9.0,13.0,10.0,15.0
193061.0,R. Pereyra,27.0,https://cdn.sofifa.org/players/4/19/193061.png,Argentina,https://cdn.sofifa.org/flags/52.png,80.0,80.0,Watford,https://cdn.sofifa.org/teams/2/light/1795.png,â¬15.5M,â¬65K,2052.0,Right,LM,6'0,170lbs,78.0,74.0,60.0,82.0,73.0,84.0,78.0,72.0,75.0,84.0,75.0,76.0,75.0,74.0,73.0,68.0,65.0,77.0,63.0,74.0,66.0,70.0,76.0,80.0,72.0,78.0,50.0,64.0,70.0,4.0,5.0,3.0,4.0,8.0
224334.0,M. AcuÃ±a,26.0,https://cdn.sofifa.org/players/4/19/224334.png,Argentina,https://cdn.sofifa.org/flags/52.png,80.0,80.0,Sporting CP,https://cdn.sofifa.org/teams/2/light/237.png,â¬12.5M,â¬16K,2265.0,Left,LB,5'8,152lbs,87.0,65.0,63.0,78.0,68.0,85.0,87.0,78.0,76.0,82.0,79.0,75.0,84.0,76.0,86.0,83.0,69.0,90.0,84.0,84.0,88.0,76.0,75.0,78.0,74.0,86.0,78.0,80.0,75.0,8.0,14.0,13.0,13.0,14.0
153079.0,S. AgÃ¼ero,30.0,https://cdn.sofifa.org/players/4/19/153079.png,Argentina,https://cdn.sofifa.org/flags/52.png,89.0,89.0,Manchester City,https://cdn.sofifa.org/teams/2/light/10.png,â¬64.5M,â¬300K,2107.0,Right,ST,5'8,154lbs,70.0,93.0,77.0,81.0,85.0,89.0,82.0,73.0,64.0,89.0,88.0,80.0,86.0,90.0,91.0,88.0,81.0,76.0,73.0,83.0,65.0,24.0,92.0,83.0,83.0,90.0,30.0,20.0,12.0,13.0,15.0,6.0,11.0,14.0
158023.0,L. Messi,31.0,https://cdn.sofifa.org/players/4/19/158023.png,Argentina,https://cdn.sofifa.org/flags/52.png,94.0,94.0,FC Barcelona,https://cdn.sofifa.org/teams/2/light/241.png,â¬110.5M,â¬565K,2202.0,Left,RF,5'7,159lbs,84.0,95.0,70.0,90.0,86.0,97.0,93.0,94.0,87.0,96.0,91.0,86.0,91.0,95.0,95.0,85.0,68.0,72.0,59.0,94.0,48.0,22.0,94.0,94.0,75.0,96.0,33.0,28.0,26.0,6.0,11.0,15.0,14.0,8.0
183898.0,A. Di MarÃ­a,30.0,https://cdn.sofifa.org/players/4/19/183898.png,Argentina,https://cdn.sofifa.org/flags/52.png,84.0,84.0,Paris Saint-Germain,https://cdn.sofifa.org/teams/2/light/73.png,â¬29.5M,â¬125K,2113.0,Left,RM,5'11,152lbs,83.0,72.0,51.0,82.0,77.0,86.0,84.0,82.0,79.0,85.0,85.0,84.0,92.0,80.0,77.0,83.0,72.0,73.0,60.0,77.0,73.0,38.0,82.0,82.0,73.0,82.0,35.0,59.0,56.0,10.0,7.0,11.0,12.0,11.0
201095.0,A. MarchesÃ­n,30.0,https://cdn.sofifa.org/players/4/19/201095.png,Argentina,https://cdn.sofifa.org/flags/52.png,77.0,77.0,Club AmÃ©rica,https://cdn.sofifa.org/teams/2/light/1879.png,â¬5.5M,â¬43K,1306.0,Right,GK,6'2,187lbs,18.0,14.0,11.0,37.0,15.0,24.0,16.0,15.0,34.0,20.0,49.0,52.0,68.0,75.0,60.0,12.0,75.0,38.0,59.0,12.0,57.0,15.0,18.0,65.0,14.0,64.0,22.0,15.0,15.0,73.0,74.0,74.0,79.0,81.0
199667.0,R. Funes Mori,27.0,https://cdn.sofifa.org/players/4/19/199667.png,Argentina,https://cdn.sofifa.org/flags/52.png,77.0,78.0,Villarreal CF,https://cdn.sofifa.org/teams/2/light/483.png,â¬8.5M,â¬28K,1846.0,Left,LCB,6'1,174lbs,66.0,40.0,79.0,70.0,25.0,63.0,49.0,58.0,62.0,70.0,61.0,68.0,65.0,69.0,61.0,69.0,77.0,67.0,78.0,56.0,83.0,76.0,49.0,59.0,52.0,64.0,75.0,77.0,74.0,9.0,9.0,13.0,10.0,7.0
215071.0,M. Casco,30.0,https://cdn.sofifa.org/players/4/19/215071.png,Argentina,https://cdn.sofifa.org/flags/52.png,74.0,74.0,River Plate,https://cdn.sofifa.org/teams/2/light/1876.png,â¬4.1M,â¬18K,1993.0,Right,LB,5'7,152lbs,70.0,58.0,62.0,70.0,21.0,75.0,68.0,58.0,65.0,71.0,85.0,86.0,84.0,68.0,82.0,74.0,80.0,92.0,70.0,67.0,76.0,68.0,71.0,65.0,46.0,67.0,69.0,70.0,68.0,15.0,8.0,13.0,12.0,6.0
207939.0,G. Pizarro,28.0,https://cdn.sofifa.org/players/4/19/207939.png,Argentina,https://cdn.sofifa.org/flags/52.png,79.0,79.0,Tigres U.A.N.L.,https://cdn.sofifa.org/teams/2/light/1970.png,â¬10M,â¬58K,1995.0,Right,LDM,6'1,163lbs,62.0,59.0,68.0,80.0,62.0,70.0,66.0,54.0,75.0,76.0,62.0,53.0,62.0,72.0,44.0,69.0,74.0,89.0,80.0,65.0,87.0,80.0,67.0,71.0,60.0,77.0,75.0,80.0,76.0,7.0,12.0,16.0,15.0,7.0
212616.0,R. De Paul,24.0,https://cdn.sofifa.org/players/4/19/212616.png,Argentina,https://cdn.sofifa.org/flags/52.png,77.0,83.0,Udinese,https://cdn.sofifa.org/teams/2/light/55.png,â¬12M,â¬27K,1908.0,Right,LW,5'10,154lbs,76.0,68.0,50.0,78.0,57.0,83.0,80.0,68.0,72.0,81.0,78.0,74.0,78.0,72.0,72.0,78.0,58.0,70.0,68.0,79.0,56.0,28.0,75.0,75.0,70.0,76.0,24.0,44.0,40.0,13.0,12.0,10.0,7.0,14.0
192366.0,N. Otamendi,30.0,https://cdn.sofifa.org/players/4/19/192366.png,Argentina,https://cdn.sofifa.org/flags/52.png,85.0,85.0,Manchester City,https://cdn.sofifa.org/teams/2/light/10.png,â¬28.5M,â¬170K,1916.0,Right,CB,6'0,179lbs,52.0,54.0,85.0,75.0,57.0,51.0,50.0,39.0,72.0,70.0,57.0,61.0,64.0,79.0,62.0,69.0,92.0,67.0,80.0,56.0,91.0,84.0,51.0,53.0,45.0,80.0,83.0,85.0,84.0,12.0,5.0,8.0,11.0,12.0
225659.0,G. RodrÃ­guez,23.0,https://cdn.sofifa.org/players/4/19/225659.png,Argentina,https://cdn.sofifa.org/flags/52.png,75.0,79.0,Club AmÃ©rica,https://cdn.sofifa.org/teams/2/light/1879.png,â¬7.5M,â¬41K,1783.0,Right,LCM,6'1,176lbs,59.0,41.0,65.0,75.0,47.0,59.0,49.0,42.0,72.0,72.0,53.0,57.0,54.0,62.0,52.0,59.0,45.0,75.0,81.0,55.0,83.0,78.0,50.0,62.0,53.0,65.0,75.0,76.0,73.0,12.0,11.0,14.0,16.0,6.0
188042.0,M. SuÃ¡rez,30.0,https://cdn.sofifa.org/players/4/19/188042.png,Argentina,https://cdn.sofifa.org/flags/52.png,75.0,75.0,Belgrano de CÃ³rdoba,https://cdn.sofifa.org/teams/2/light/111022.png,â¬6.5M,â¬15K,1781.0,Right,ST,6'0,165lbs,70.0,72.0,61.0,73.0,72.0,77.0,72.0,70.0,68.0,75.0,69.0,67.0,74.0,76.0,67.0,72.0,63.0,42.0,65.0,71.0,33.0,18.0,76.0,76.0,67.0,77.0,27.0,28.0,23.0,9.0,16.0,11.0,13.0,8.0
226226.0,G. Lo Celso,22.0,https://cdn.sofifa.org/players/4/19/226226.png,Argentina,https://cdn.sofifa.org/flags/52.png,80.0,86.0,Real Betis,https://cdn.sofifa.org/teams/2/light/449.png,â¬20M,â¬72K,2105.0,Left,RCM,5'9,154lbs,75.0,73.0,59.0,81.0,69.0,81.0,82.0,72.0,80.0,82.0,72.0,75.0,81.0,77.0,81.0,79.0,64.0,80.0,67.0,75.0,65.0,65.0,78.0,81.0,60.0,79.0,61.0,67.0,67.0,10.0,7.0,10.0,15.0,14.0
211110.0,P. Dybala,24.0,https://cdn.sofifa.org/players/4/19/211110.png,Argentina,https://cdn.sofifa.org/flags/52.png,89.0,94.0,Juventus,https://cdn.sofifa.org/teams/2/light/45.png,â¬89M,â¬205K,2092.0,Left,LF,5'10,165lbs,82.0,84.0,68.0,87.0,88.0,92.0,88.0,88.0,75.0,92.0,87.0,83.0,91.0,86.0,85.0,82.0,75.0,80.0,65.0,88.0,48.0,32.0,84.0,87.0,86.0,84.0,23.0,20.0,20.0,5.0,4.0,4.0,5.0,8.0
231478.0,L. MartÃ­nez,20.0,https://cdn.sofifa.org/players/4/19/231478.png,Argentina,https://cdn.sofifa.org/flags/52.png,79.0,86.0,Inter,https://cdn.sofifa.org/teams/2/light/44.png,â¬18M,â¬54K,1892.0,Right,ST,5'9,174lbs,56.0,82.0,79.0,62.0,68.0,78.0,71.0,33.0,50.0,79.0,82.0,83.0,79.0,75.0,70.0,79.0,81.0,75.0,86.0,68.0,74.0,31.0,79.0,72.0,59.0,77.0,46.0,22.0,25.0,11.0,8.0,8.0,8.0,13.0
205849.0,E. Andrada,27.0,https://cdn.sofifa.org/players/4/19/205849.png,Argentina,https://cdn.sofifa.org/flags/52.png,75.0,78.0,Boca Juniors,https://cdn.sofifa.org/teams/2/light/1877.png,â¬5.5M,â¬16K,1148.0,Right,GK,6'4,179lbs,15.0,14.0,13.0,31.0,18.0,16.0,14.0,15.0,17.0,20.0,45.0,44.0,34.0,70.0,43.0,17.0,54.0,45.0,59.0,13.0,24.0,25.0,19.0,48.0,19.0,43.0,17.0,20.0,14.0,77.0,71.0,67.0,72.0,78.0
196885.0,C. Lampe,31.0,https://cdn.sofifa.org/players/4/19/196885.png,Bolivia,https://cdn.sofifa.org/flags/53.png,69.0,69.0,Boca Juniors,https://cdn.sofifa.org/teams/2/light/1877.png,â¬650K,â¬8K,1051.0,Right,GK,6'4,190lbs,14.0,17.0,12.0,23.0,12.0,13.0,13.0,18.0,19.0,21.0,28.0,35.0,39.0,65.0,34.0,13.0,36.0,18.0,70.0,17.0,35.0,27.0,17.0,55.0,14.0,45.0,19.0,17.0,13.0,66.0,71.0,62.0,68.0,70.0
,,,,Bolivia,,,,,,,,,,,,,,,,,,,,,,,,,,,,,,,,,,,,,,,,,,,,,,
211338.0,A. Chumacero,27.0,https://cdn.sofifa.org/players/4/19/211338.png,Bolivia,https://cdn.sofifa.org/flags/53.png,74.0,75.0,Puebla FC,https://cdn.sofifa.org/teams/2/light/110152.png,â¬6.5M,â¬9K,2028.0,Right,CM,5'5,143lbs,70.0,61.0,56.0,78.0,79.0,70.0,62.0,58.0,73.0,76.0,75.0,70.0,76.0,71.0,92.0,77.0,68.0,86.0,68.0,73.0,75.0,75.0,64.0,72.0,67.0,74.0,61.0,64.0,63.0,8.0,9.0,11.0,14.0,6.0
246065.0,L. Haquin,20.0,https://cdn.sofifa.org/players/4/19/246065.png,Bolivia,https://cdn.sofifa.org/flags/53.png,65.0,72.0,,https://cdn.sofifa.org/flags/53.png,â¬0,â¬0,1414.0,Right,LCB,5'11,168lbs,28.0,21.0,70.0,50.0,26.0,26.0,22.0,26.0,47.0,30.0,57.0,59.0,42.0,71.0,64.0,47.0,73.0,83.0,57.0,21.0,71.0,63.0,18.0,30.0,42.0,42.0,67.0,69.0,69.0,15.0,11.0,14.0,11.0,14.0
,,,,Bolivia,,,,,,,,,,,,,,,,,,,,,,,,,,,,,,,,,,,,,,,,,,,,,,
231301.0,E. Saavedra,22.0,https://cdn.sofifa.org/players/4/19/231301.png,Bolivia,https://cdn.sofifa.org/flags/53.png,63.0,73.0,,https://cdn.sofifa.org/flags/53.png,â¬0,â¬0,1507.0,Right,RB,5'8,146lbs,65.0,42.0,42.0,44.0,37.0,57.0,48.0,30.0,29.0,41.0,67.0,61.0,50.0,58.0,75.0,41.0,62.0,81.0,41.0,43.0,53.0,66.0,53.0,40.0,40.0,33.0,67.0,65.0,66.0,6.0,12.0,6.0,13.0,6.0
241131.0,L. Justiniano,25.0,https://cdn.sofifa.org/players/4/19/241131.png,Bolivia,https://cdn.sofifa.org/flags/53.png,65.0,68.0,,https://cdn.sofifa.org/flags/53.png,â¬0,â¬0,1558.0,Right,LCM,5'8,154lbs,50.0,31.0,60.0,66.0,31.0,44.0,39.0,34.0,65.0,64.0,57.0,57.0,59.0,56.0,79.0,53.0,55.0,77.0,46.0,28.0,67.0,64.0,38.0,41.0,48.0,65.0,66.0,69.0,64.0,8.0,13.0,13.0,6.0,10.0
216751.0,D. Bejarano,26.0,https://cdn.sofifa.org/players/4/19/216751.png,Bolivia,https://cdn.sofifa.org/flags/53.png,65.0,66.0,,https://cdn.sofifa.org/flags/53.png,â¬0,â¬0,1536.0,Right,,5'9,154lbs,72.0,48.0,44.0,66.0,31.0,57.0,31.0,29.0,64.0,59.0,68.0,61.0,54.0,65.0,76.0,24.0,58.0,56.0,47.0,29.0,57.0,63.0,38.0,32.0,39.0,57.0,68.0,69.0,68.0,14.0,12.0,11.0,14.0,12.0
,,,,Bolivia,,,,,,,,,,,,,,,,,,,,,,,,,,,,,,,,,,,,,,,,,,,,,,
,,,,Bolivia,,,,,,,,,,,,,,,,,,,,,,,,,,,,,,,,,,,,,,,,,,,,,,
231575.0,L. Vaca,22.0,https://cdn.sofifa.org/players/4/19/231575.png,Bolivia,https://cdn.sofifa.org/flags/53.png,64.0,73.0,,https://cdn.sofifa.org/flags/53.png,â¬0,â¬0,1502.0,Right,ST,5'9,152lbs,29.0,70.0,72.0,57.0,56.0,63.0,49.0,29.0,49.0,49.0,68.0,63.0,58.0,60.0,75.0,66.0,69.0,77.0,46.0,65.0,27.0,12.0,68.0,55.0,68.0,49.0,20.0,20.0,19.0,7.0,12.0,10.0,8.0,6.0
,,,,Bolivia,,,,,,,,,,,,,,,,,,,,,,,,,,,,,,,,,,,,,,,,,,,,,,
,,,,Bolivia,,,,,,,,,,,,,,,,,,,,,,,,,,,,,,,,,,,,,,,,,,,,,,
,,,,Bolivia,,,,,,,,,,,,,,,,,,,,,,,,,,,,,,,,,,,,,,,,,,,,,,
246189.0,C. Arano,23.0,https://cdn.sofifa.org/players/4/19/246189.png,Bolivia,https://cdn.sofifa.org/flags/53.png,62.0,70.0,,https://cdn.sofifa.org/flags/53.png,â¬0,â¬0,1608.0,Right,CM,6'2,154lbs,45.0,48.0,55.0,68.0,33.0,60.0,37.0,32.0,62.0,65.0,63.0,65.0,61.0,60.0,57.0,50.0,63.0,68.0,55.0,41.0,57.0,67.0,50.0,51.0,42.0,58.0,65.0,66.0,64.0,13.0,13.0,9.0,14.0,9.0
236242.0,D. Wayar,24.0,https://cdn.sofifa.org/players/4/19/236242.png,Bolivia,https://cdn.sofifa.org/flags/53.png,64.0,67.0,,https://cdn.sofifa.org/flags/53.png,â¬0,â¬0,1555.0,Right,RCM,5'7,146lbs,47.0,29.0,55.0,66.0,31.0,52.0,34.0,40.0,64.0,59.0,57.0,64.0,59.0,54.0,75.0,49.0,63.0,78.0,40.0,32.0,60.0,62.0,35.0,57.0,41.0,53.0,71.0,65.0,60.0,14.0,8.0,13.0,13.0,8.0
,,,,Bolivia,,,,,,,,,,,,,,,,,,,,,,,,,,,,,,,,,,,,,,,,,,,,,,
196910.0,G. Ãlvarez,26.0,https://cdn.sofifa.org/players/4/19/196910.png,Bolivia,https://cdn.sofifa.org/flags/53.png,64.0,67.0,Al Hazem,https://cdn.sofifa.org/teams/2/light/113222.png,â¬575K,â¬3K,1521.0,Right,ST,6'2,179lbs,43.0,70.0,68.0,49.0,61.0,51.0,55.0,40.0,34.0,57.0,58.0,69.0,65.0,57.0,58.0,65.0,75.0,69.0,73.0,62.0,51.0,22.0,67.0,38.0,59.0,55.0,25.0,18.0,10.0,12.0,6.0,16.0,6.0,12.0
,,,,Bolivia,,,,,,,,,,,,,,,,,,,,,,,,,,,,,,,,,,,,,,,,,,,,,,
,,,,Bolivia,,,,,,,,,,,,,,,,,,,,,,,,,,,,,,,,,,,,,,,,,,,,,,
,,,,Bolivia,,,,,,,,,,,,,,,,,,,,,,,,,,,,,,,,,,,,,,,,,,,,,,
,,,,Bolivia,,,,,,,,,,,,,,,,,,,,,,,,,,,,,,,,,,,,,,,,,,,,,,
,,,,Bolivia,,,,,,,,,,,,,,,,,,,,,,,,,,,,,,,,,,,,,,,,,,,,,,
212831.0,Alisson,25.0,https://cdn.sofifa.org/players/4/19/212831.png,Brasil,https://cdn.sofifa.org/flags/54.png,85.0,90.0,Liverpool,https://cdn.sofifa.org/teams/2/light/9.png,â¬36.5M,â¬115K,1320.0,Right,GK,6'3,201lbs,17.0,13.0,19.0,45.0,20.0,27.0,19.0,18.0,44.0,30.0,54.0,45.0,40.0,84.0,37.0,21.0,52.0,32.0,78.0,14.0,27.0,11.0,13.0,66.0,23.0,65.0,15.0,19.0,16.0,83.0,81.0,85.0,84.0,88.0
164240.0,Thiago Silva,33.0,https://cdn.sofifa.org/players/4/19/164240.png,Brasil,https://cdn.sofifa.org/flags/54.png,88.0,88.0,Paris Saint-Germain,https://cdn.sofifa.org/teams/2/light/73.png,â¬24M,â¬165K,2077.0,Right,RCB,6'0,181lbs,60.0,38.0,81.0,80.0,63.0,62.0,61.0,64.0,80.0,80.0,70.0,72.0,68.0,82.0,68.0,71.0,90.0,74.0,82.0,68.0,76.0,89.0,59.0,72.0,60.0,81.0,88.0,89.0,85.0,9.0,12.0,5.0,9.0,10.0
168609.0,Miranda,33.0,https://cdn.sofifa.org/players/4/19/168609.png,Brasil,https://cdn.sofifa.org/flags/54.png,85.0,85.0,Inter,https://cdn.sofifa.org/teams/2/light/44.png,â¬15.5M,â¬96K,1879.0,Right,CB,6'1,172lbs,48.0,43.0,80.0,70.0,51.0,67.0,32.0,39.0,69.0,73.0,66.0,69.0,61.0,81.0,57.0,70.0,82.0,65.0,79.0,41.0,83.0,85.0,43.0,58.0,49.0,81.0,90.0,90.0,85.0,12.0,6.0,10.0,13.0,12.0
207865.0,Marquinhos,24.0,https://cdn.sofifa.org/players/4/19/207865.png,Brasil,https://cdn.sofifa.org/flags/54.png,84.0,89.0,Paris Saint-Germain,https://cdn.sofifa.org/teams/2/light/73.png,â¬35.5M,â¬90K,1879.0,Right,LDM,6'0,165lbs,72.0,33.0,80.0,81.0,31.0,59.0,49.0,32.0,78.0,76.0,73.0,76.0,69.0,81.0,68.0,53.0,86.0,75.0,74.0,35.0,80.0,84.0,46.0,51.0,31.0,79.0,85.0,87.0,87.0,6.0,6.0,12.0,10.0,13.0
200145.0,Casemiro,26.0,https://cdn.sofifa.org/players/4/19/200145.png,Brasil,https://cdn.sofifa.org/flags/54.png,88.0,90.0,Real Madrid,https://cdn.sofifa.org/teams/2/light/243.png,â¬59.5M,â¬285K,2170.0,Right,CDM,6'1,185lbs,52.0,59.0,76.0,85.0,53.0,69.0,59.0,74.0,82.0,78.0,59.0,65.0,62.0,84.0,66.0,86.0,88.0,87.0,89.0,79.0,87.0,87.0,69.0,77.0,66.0,84.0,88.0,90.0,87.0,13.0,14.0,16.0,12.0,12.0
164169.0,Filipe LuÃ­s,32.0,https://cdn.sofifa.org/players/4/19/164169.png,Brasil,https://cdn.sofifa.org/flags/54.png,85.0,85.0,AtlÃ©tico Madrid,https://cdn.sofifa.org/teams/2/light/240.png,â¬21.5M,â¬81K,2145.0,Left,LB,6'0,163lbs,86.0,59.0,72.0,80.0,56.0,77.0,74.0,75.0,77.0,83.0,76.0,75.0,75.0,85.0,62.0,71.0,71.0,89.0,74.0,60.0,81.0,84.0,71.0,70.0,65.0,88.0,78.0,84.0,86.0,11.0,15.0,9.0,9.0,5.0
236632.0,David Neres,21.0,https://cdn.sofifa.org/players/4/19/236632.png,Brasil,https://cdn.sofifa.org/flags/54.png,79.0,86.0,Ajax,https://cdn.sofifa.org/teams/2/light/245.png,â¬18M,â¬18K,1884.0,Left,RW,5'9,146lbs,66.0,76.0,50.0,78.0,72.0,87.0,65.0,52.0,52.0,84.0,85.0,86.0,91.0,72.0,84.0,72.0,58.0,73.0,63.0,65.0,52.0,37.0,73.0,78.0,69.0,78.0,32.0,32.0,32.0,14.0,10.0,5.0,13.0,6.0
230658.0,Arthur,21.0,https://cdn.sofifa.org/players/4/19/230658.png,Brasil,https://cdn.sofifa.org/flags/54.png,82.0,90.0,FC Barcelona,https://cdn.sofifa.org/teams/2/light/241.png,â¬32.5M,â¬125K,2120.0,Right,LCM,5'7,161lbs,70.0,72.0,58.0,85.0,63.0,82.0,68.0,60.0,80.0,83.0,68.0,70.0,79.0,81.0,86.0,76.0,83.0,78.0,62.0,74.0,73.0,75.0,77.0,82.0,69.0,84.0,65.0,76.0,70.0,6.0,13.0,13.0,11.0,12.0
230666.0,Gabriel Jesus,21.0,https://cdn.sofifa.org/players/4/19/230666.png,Brasil,https://cdn.sofifa.org/flags/54.png,83.0,92.0,Manchester City,https://cdn.sofifa.org/teams/2/light/10.png,â¬41M,â¬130K,2051.0,Right,ST,5'9,161lbs,66.0,84.0,74.0,76.0,72.0,86.0,76.0,54.0,66.0,85.0,87.0,85.0,92.0,86.0,91.0,78.0,77.0,84.0,68.0,73.0,73.0,32.0,88.0,77.0,78.0,82.0,53.0,23.0,19.0,13.0,8.0,6.0,6.0,15.0
180403.0,Willian,29.0,https://cdn.sofifa.org/players/4/19/180403.png,Brasil,https://cdn.sofifa.org/flags/54.png,84.0,84.0,Chelsea,https://cdn.sofifa.org/teams/2/light/5.png,â¬30.5M,â¬175K,2052.0,Right,RW,5'9,172lbs,76.0,77.0,31.0,80.0,59.0,88.0,82.0,83.0,77.0,84.0,91.0,86.0,89.0,82.0,79.0,79.0,41.0,85.0,60.0,81.0,44.0,55.0,80.0,83.0,70.0,79.0,43.0,57.0,51.0,14.0,12.0,13.0,7.0,13.0
189242.0,Coutinho,26.0,https://cdn.sofifa.org/players/4/19/189242.png,Brasil,https://cdn.sofifa.org/flags/54.png,88.0,89.0,FC Barcelona,https://cdn.sofifa.org/teams/2/light/241.png,â¬69.5M,â¬340K,2175.0,Right,LW,5'8,150lbs,79.0,79.0,48.0,88.0,75.0,91.0,91.0,86.0,83.0,92.0,89.0,75.0,92.0,83.0,93.0,83.0,59.0,79.0,61.0,93.0,59.0,49.0,84.0,90.0,70.0,85.0,55.0,54.0,47.0,12.0,7.0,9.0,14.0,6.0
191043.0,Alex Sandro,27.0,https://cdn.sofifa.org/players/4/19/191043.png,Brasil,https://cdn.sofifa.org/flags/54.png,86.0,86.0,Juventus,https://cdn.sofifa.org/teams/2/light/45.png,â¬36.5M,â¬160K,2198.0,Left,LB,5'11,176lbs,84.0,55.0,76.0,81.0,68.0,80.0,78.0,59.0,71.0,81.0,83.0,86.0,79.0,84.0,78.0,80.0,79.0,92.0,79.0,72.0,82.0,82.0,70.0,70.0,60.0,82.0,81.0,84.0,84.0,7.0,7.0,9.0,12.0,5.0
146530.0,Dani Alves,35.0,https://cdn.sofifa.org/players/4/19/146530.png,Brasil,https://cdn.sofifa.org/flags/54.png,82.0,82.0,Paris Saint-Germain,https://cdn.sofifa.org/teams/2/light/73.png,â¬4.8M,â¬62K,2197.0,Right,RB,5'8,150lbs,85.0,61.0,72.0,81.0,68.0,84.0,80.0,74.0,79.0,86.0,77.0,79.0,84.0,77.0,87.0,86.0,80.0,74.0,55.0,78.0,78.0,79.0,74.0,78.0,70.0,80.0,72.0,79.0,82.0,5.0,11.0,9.0,6.0,7.0
,,,,Brasil,,,,,,,,,,,,,,,,,,,,,,,,,,,,,,,,,,,,,,,,,,,,,,
240130.0,Ãder MilitÃ£o,20.0,https://cdn.sofifa.org/players/4/19/240130.png,Brasil,https://cdn.sofifa.org/flags/54.png,78.0,87.0,FC Porto,https://cdn.sofifa.org/teams/2/light/236.png,â¬14M,â¬10K,1946.0,Right,LCB,6'1,174lbs,72.0,48.0,75.0,67.0,34.0,68.0,58.0,40.0,58.0,70.0,77.0,78.0,75.0,76.0,67.0,62.0,86.0,85.0,76.0,42.0,83.0,74.0,59.0,59.0,60.0,68.0,76.0,82.0,78.0,11.0,8.0,15.0,12.0,15.0
165769.0,CÃ¡ssio,37.0,https://cdn.sofifa.org/players/4/19/165769.png,Brasil,https://cdn.sofifa.org/flags/54.png,75.0,75.0,Al Taawoun,https://cdn.sofifa.org/teams/2/light/112393.png,â¬450K,â¬10K,1165.0,Right,GK,6'1,174lbs,11.0,11.0,12.0,25.0,14.0,12.0,12.0,13.0,22.0,22.0,34.0,40.0,45.0,72.0,45.0,24.0,70.0,30.0,64.0,11.0,40.0,22.0,13.0,60.0,24.0,59.0,18.0,17.0,14.0,77.0,74.0,68.0,73.0,76.0
135507.0,Fernandinho,33.0,https://cdn.sofifa.org/players/4/19/135507.png,Brasil,https://cdn.sofifa.org/flags/54.png,86.0,86.0,Manchester City,https://cdn.sofifa.org/teams/2/light/10.png,â¬18M,â¬185K,2183.0,Right,CDM,5'10,148lbs,68.0,69.0,63.0,85.0,74.0,77.0,70.0,72.0,81.0,82.0,68.0,67.0,72.0,86.0,78.0,83.0,76.0,79.0,76.0,78.0,87.0,88.0,70.0,75.0,61.0,79.0,85.0,85.0,80.0,12.0,11.0,5.0,13.0,7.0
199914.0,Allan,27.0,https://cdn.sofifa.org/players/4/19/199914.png,Brasil,https://cdn.sofifa.org/flags/54.png,83.0,83.0,Napoli,https://cdn.sofifa.org/teams/2/light/48.png,â¬26.5M,â¬87K,2157.0,Right,RCM,5'9,163lbs,70.0,72.0,59.0,85.0,56.0,82.0,65.0,49.0,77.0,80.0,81.0,74.0,82.0,86.0,80.0,70.0,70.0,95.0,77.0,66.0,87.0,86.0,79.0,79.0,53.0,79.0,85.0,85.0,83.0,13.0,13.0,5.0,5.0,8.0
232122.0,Everton,24.0,https://cdn.sofifa.org/players/4/19/232122.png,Brasil,https://cdn.sofifa.org/flags/54.png,65.0,68.0,Clube Sport MarÃ­timo,https://cdn.sofifa.org/teams/2/light/1893.png,â¬700K,â¬3K,1554.0,Right,ST,6'1,179lbs,51.0,65.0,63.0,57.0,54.0,61.0,49.0,31.0,45.0,64.0,59.0,63.0,60.0,67.0,57.0,66.0,56.0,58.0,78.0,60.0,44.0,26.0,65.0,59.0,65.0,60.0,21.0,25.0,27.0,10.0,11.0,14.0,11.0,12.0
201942.0,Roberto Firmino,26.0,https://cdn.sofifa.org/players/4/19/201942.png,Brasil,https://cdn.sofifa.org/flags/54.png,86.0,87.0,Liverpool,https://cdn.sofifa.org/teams/2/light/9.png,â¬53M,â¬195K,2187.0,Right,CAM,5'11,168lbs,72.0,87.0,77.0,86.0,81.0,87.0,80.0,65.0,75.0,88.0,78.0,77.0,80.0,86.0,81.0,81.0,81.0,90.0,74.0,76.0,73.0,58.0,87.0,85.0,72.0,87.0,60.0,64.0,42.0,8.0,11.0,9.0,6.0,10.0
231943.0,Richarlison,21.0,https://cdn.sofifa.org/players/4/19/231943.png,Brasil,https://cdn.sofifa.org/flags/54.png,79.0,86.0,Everton,https://cdn.sofifa.org/teams/2/light/7.png,â¬18M,â¬79K,2009.0,Right,ST,5'11,154lbs,69.0,79.0,75.0,75.0,64.0,84.0,71.0,65.0,59.0,79.0,83.0,85.0,78.0,78.0,74.0,80.0,80.0,78.0,76.0,64.0,82.0,35.0,78.0,72.0,69.0,77.0,46.0,44.0,36.0,12.0,7.0,8.0,11.0,13.0
,,,,Brasil,,,,,,,,,,,,,,,,,,,,,,,,,,,,,,,,,,,,,,,,,,,,,,
210257.0,Ederson,24.0,https://cdn.sofifa.org/players/4/19/210257.png,Brasil,https://cdn.sofifa.org/flags/54.png,86.0,90.0,Manchester City,https://cdn.sofifa.org/teams/2/light/10.png,â¬41.5M,â¬125K,1463.0,Left,GK,6'2,190lbs,20.0,14.0,14.0,56.0,18.0,23.0,15.0,20.0,58.0,37.0,64.0,63.0,60.0,86.0,48.0,42.0,58.0,41.0,68.0,18.0,35.0,25.0,20.0,67.0,17.0,70.0,28.0,15.0,8.0,85.0,80.0,91.0,82.0,87.0
223249.0,G. Arias,30.0,https://cdn.sofifa.org/players/4/19/223249.png,Chile,https://cdn.sofifa.org/flags/55.png,73.0,73.0,Racing Club,https://cdn.sofifa.org/teams/2/light/101085.png,â¬2.6M,â¬12K,1117.0,Right,GK,6'2,201lbs,15.0,19.0,17.0,26.0,14.0,15.0,18.0,20.0,19.0,20.0,35.0,39.0,34.0,64.0,56.0,16.0,60.0,32.0,60.0,16.0,25.0,16.0,17.0,37.0,24.0,42.0,10.0,15.0,14.0,74.0,69.0,69.0,74.0,78.0
214408.0,I. Lichnovsky,24.0,https://cdn.sofifa.org/players/4/19/214408.png,Chile,https://cdn.sofifa.org/flags/55.png,69.0,77.0,Cruz Azul,https://cdn.sofifa.org/teams/2/light/1878.png,â¬1.3M,â¬9K,1563.0,Right,CB,6'2,174lbs,38.0,25.0,69.0,56.0,26.0,49.0,26.0,27.0,48.0,57.0,71.0,68.0,67.0,57.0,71.0,61.0,81.0,58.0,74.0,23.0,69.0,63.0,40.0,34.0,31.0,52.0,70.0,71.0,72.0,10.0,9.0,12.0,15.0,15.0
219145.0,G. MaripÃ¡n,24.0,https://cdn.sofifa.org/players/4/19/219145.png,Chile,https://cdn.sofifa.org/flags/55.png,75.0,79.0,Deportivo AlavÃ©s,https://cdn.sofifa.org/teams/2/light/463.png,â¬7.5M,â¬17K,1470.0,Right,LCB,6'4,183lbs,41.0,28.0,75.0,66.0,31.0,40.0,29.0,27.0,51.0,57.0,45.0,48.0,31.0,72.0,32.0,56.0,68.0,56.0,92.0,24.0,75.0,68.0,28.0,30.0,20.0,69.0,76.0,77.0,73.0,7.0,12.0,7.0,16.0,12.0
187800.0,M. Isla,30.0,https://cdn.sofifa.org/players/4/19/187800.png,Chile,https://cdn.sofifa.org/flags/55.png,75.0,75.0,FenerbahÃ§e SK,https://cdn.sofifa.org/teams/2/light/326.png,â¬4.8M,â¬48K,2020.0,Right,RB,5'9,165lbs,78.0,41.0,58.0,75.0,58.0,75.0,78.0,64.0,72.0,73.0,80.0,75.0,84.0,74.0,78.0,65.0,66.0,79.0,68.0,66.0,76.0,73.0,70.0,68.0,68.0,76.0,72.0,75.0,75.0,7.0,8.0,7.0,7.0,7.0
214436.0,P. DÃ­az,23.0,https://cdn.sofifa.org/players/4/19/214436.png,Chile,https://cdn.sofifa.org/flags/55.png,72.0,79.0,Al Ahli,https://cdn.sofifa.org/teams/2/light/112387.png,â¬3.7M,â¬20K,1776.0,Right,LCB,5'11,154lbs,68.0,37.0,71.0,66.0,27.0,62.0,39.0,41.0,71.0,67.0,77.0,79.0,64.0,69.0,45.0,49.0,85.0,76.0,77.0,43.0,61.0,71.0,51.0,55.0,49.0,64.0,62.0,74.0,73.0,13.0,9.0,15.0,15.0,15.0
196069.0,J. Fuenzalida,33.0,https://cdn.sofifa.org/players/4/19/196069.png,Chile,https://cdn.sofifa.org/flags/55.png,74.0,74.0,Universidad CatÃ³lica,https://cdn.sofifa.org/teams/2/light/110975.png,â¬3.4M,â¬11K,2015.0,Right,RW,5'7,148lbs,76.0,59.0,63.0,72.0,57.0,79.0,65.0,59.0,68.0,78.0,82.0,85.0,79.0,76.0,80.0,69.0,71.0,78.0,70.0,62.0,59.0,68.0,71.0,71.0,71.0,69.0,58.0,66.0,65.0,6.0,14.0,12.0,14.0,12.0
184941.0,A. SÃ¡nchez,29.0,https://cdn.sofifa.org/players/4/19/184941.png,Chile,https://cdn.sofifa.org/flags/55.png,85.0,85.0,Manchester United,https://cdn.sofifa.org/teams/2/light/11.png,â¬37.5M,â¬215K,2172.0,Right,RW,5'7,163lbs,77.0,80.0,73.0,77.0,83.0,87.0,79.0,78.0,75.0,86.0,86.0,79.0,90.0,83.0,87.0,84.0,87.0,83.0,72.0,81.0,79.0,46.0,84.0,82.0,77.0,84.0,38.0,44.0,35.0,10.0,10.0,15.0,12.0,13.0
181872.0,A. Vidal,31.0,https://cdn.sofifa.org/players/4/19/181872.png,Chile,https://cdn.sofifa.org/flags/55.png,85.0,85.0,FC Barcelona,https://cdn.sofifa.org/teams/2/light/241.png,â¬26M,â¬205K,2230.0,Right,CAM,5'11,165lbs,76.0,75.0,82.0,83.0,78.0,76.0,76.0,68.0,79.0,82.0,60.0,55.0,74.0,84.0,75.0,86.0,85.0,83.0,79.0,85.0,93.0,84.0,80.0,80.0,81.0,81.0,82.0,87.0,86.0,4.0,2.0,4.0,2.0,4.0
212878.0,N. Castillo,25.0,https://cdn.sofifa.org/players/4/19/212878.png,Chile,https://cdn.sofifa.org/flags/55.png,77.0,82.0,SL Benfica,https://cdn.sofifa.org/teams/2/light/234.png,â¬12M,â¬14K,1899.0,Right,ST,5'10,179lbs,49.0,80.0,77.0,65.0,69.0,68.0,67.0,66.0,59.0,76.0,70.0,68.0,62.0,74.0,75.0,82.0,82.0,69.0,88.0,72.0,78.0,37.0,78.0,58.0,86.0,74.0,40.0,30.0,19.0,13.0,8.0,9.0,10.0,15.0
213597.0,D. ValdÃ©s,24.0,https://cdn.sofifa.org/players/4/19/213597.png,Chile,https://cdn.sofifa.org/flags/55.png,75.0,79.0,Monarcas Morelia,https://cdn.sofifa.org/teams/2/light/1028.png,â¬8.5M,â¬10K,1927.0,Right,CAM,5'10,165lbs,67.0,64.0,64.0,75.0,63.0,74.0,70.0,67.0,73.0,75.0,80.0,79.0,74.0,70.0,67.0,75.0,68.0,75.0,74.0,74.0,54.0,53.0,73.0,75.0,55.0,78.0,50.0,52.0,42.0,8.0,9.0,12.0,8.0,8.0
206655.0,E. Vargas,28.0,https://cdn.sofifa.org/players/4/19/206655.png,Chile,https://cdn.sofifa.org/flags/55.png,76.0,76.0,Tigres U.A.N.L.,https://cdn.sofifa.org/teams/2/light/1970.png,â¬8M,â¬55K,1955.0,Right,CAM,5'9,179lbs,69.0,76.0,65.0,72.0,81.0,81.0,72.0,58.0,66.0,78.0,84.0,76.0,86.0,77.0,72.0,77.0,77.0,76.0,65.0,74.0,60.0,25.0,76.0,73.0,70.0,73.0,34.0,45.0,36.0,13.0,13.0,10.0,8.0,10.0
215086.0,B. CortÃ©s,23.0,https://cdn.sofifa.org/players/4/19/215086.png,Chile,https://cdn.sofifa.org/flags/55.png,71.0,81.0,Colo-Colo,https://cdn.sofifa.org/teams/2/light/110980.png,â¬2.9M,â¬4K,1216.0,Right,GK,6'1,174lbs,29.0,14.0,16.0,25.0,15.0,13.0,16.0,12.0,23.0,25.0,48.0,48.0,39.0,67.0,55.0,31.0,59.0,40.0,70.0,20.0,41.0,30.0,18.0,41.0,21.0,60.0,18.0,14.0,15.0,71.0,70.0,69.0,70.0,73.0
213629.0,E. Pulgar,24.0,https://cdn.sofifa.org/players/4/19/213629.png,Chile,https://cdn.sofifa.org/flags/55.png,77.0,82.0,Bologna,https://cdn.sofifa.org/teams/2/light/189.png,â¬10M,â¬26K,1996.0,Right,CDM,6'1,183lbs,58.0,44.0,69.0,78.0,54.0,74.0,58.0,58.0,72.0,78.0,67.0,67.0,68.0,72.0,68.0,72.0,79.0,84.0,77.0,66.0,76.0,72.0,58.0,74.0,60.0,74.0,80.0,78.0,74.0,12.0,12.0,11.0,15.0,11.0
214294.0,E. Pavez,28.0,https://cdn.sofifa.org/players/4/19/214294.png,Chile,https://cdn.sofifa.org/flags/55.png,73.0,73.0,Colo-Colo,https://cdn.sofifa.org/teams/2/light/110980.png,â¬4M,â¬8K,1967.0,Right,CM,5'11,168lbs,58.0,66.0,73.0,73.0,56.0,71.0,55.0,31.0,71.0,72.0,76.0,78.0,79.0,70.0,64.0,75.0,82.0,87.0,80.0,70.0,77.0,68.0,69.0,71.0,39.0,72.0,67.0,69.0,70.0,10.0,8.0,10.0,14.0,8.0
158851.0,J. Beausejour,34.0,https://cdn.sofifa.org/players/4/19/158851.png,Chile,https://cdn.sofifa.org/flags/55.png,74.0,74.0,Universidad de Chile,https://cdn.sofifa.org/teams/2/light/15029.png,â¬1.6M,â¬11K,2065.0,Left,LB,5'10,183lbs,77.0,61.0,64.0,69.0,52.0,71.0,77.0,70.0,66.0,74.0,82.0,82.0,89.0,70.0,76.0,67.0,63.0,79.0,82.0,63.0,80.0,67.0,75.0,68.0,68.0,71.0,69.0,74.0,75.0,12.0,12.0,12.0,6.0,13.0
199827.0,P. HernÃ¡ndez,31.0,https://cdn.sofifa.org/players/4/19/199827.png,Chile,https://cdn.sofifa.org/flags/55.png,78.0,78.0,Independiente,https://cdn.sofifa.org/teams/2/light/110093.png,â¬9M,â¬24K,2022.0,Left,CM,6'1,179lbs,54.0,66.0,53.0,79.0,69.0,80.0,75.0,69.0,78.0,79.0,69.0,67.0,70.0,80.0,44.0,75.0,69.0,68.0,80.0,73.0,85.0,75.0,76.0,80.0,62.0,68.0,55.0,67.0,70.0,6.0,15.0,9.0,15.0,10.0
193532.0,G. Medel,30.0,https://cdn.sofifa.org/players/4/19/193532.png,Chile,https://cdn.sofifa.org/flags/55.png,81.0,81.0,BeÅiktaÅ JK,https://cdn.sofifa.org/teams/2/light/327.png,â¬13M,â¬56K,1996.0,Right,RCB,5'7,143lbs,50.0,31.0,68.0,79.0,58.0,63.0,35.0,45.0,78.0,71.0,72.0,70.0,78.0,80.0,92.0,65.0,89.0,84.0,83.0,59.0,89.0,84.0,58.0,72.0,58.0,78.0,80.0,84.0,79.0,14.0,7.0,9.0,6.0,6.0
194795.0,G. Jara,32.0,https://cdn.sofifa.org/players/4/19/194795.png,Chile,https://cdn.sofifa.org/flags/55.png,74.0,74.0,Universidad de Chile,https://cdn.sofifa.org/teams/2/light/15029.png,â¬3.2M,â¬11K,1807.0,Right,CB,5'10,172lbs,59.0,45.0,69.0,71.0,28.0,62.0,28.0,47.0,71.0,67.0,67.0,66.0,71.0,69.0,66.0,58.0,78.0,69.0,77.0,46.0,90.0,73.0,51.0,61.0,45.0,75.0,71.0,72.0,73.0,10.0,9.0,11.0,13.0,14.0
209827.0,J. Fernandes,29.0,https://cdn.sofifa.org/players/4/19/209827.png,Chile,https://cdn.sofifa.org/flags/55.png,76.0,76.0,Alanyaspor,https://cdn.sofifa.org/teams/2/light/113142.png,â¬7.5M,â¬16K,1899.0,Right,LM,6'0,172lbs,70.0,76.0,77.0,74.0,69.0,78.0,66.0,60.0,62.0,78.0,78.0,79.0,78.0,73.0,63.0,75.0,67.0,75.0,79.0,72.0,70.0,30.0,76.0,69.0,66.0,70.0,29.0,35.0,21.0,7.0,12.0,6.0,15.0,14.0
199042.0,C. ArÃ¡nguiz,29.0,https://cdn.sofifa.org/players/4/19/199042.png,Chile,https://cdn.sofifa.org/flags/55.png,81.0,81.0,Bayer 04 Leverkusen,https://cdn.sofifa.org/teams/2/light/32.png,â¬17M,â¬76K,2144.0,Right,LDM,5'7,154lbs,78.0,64.0,53.0,84.0,68.0,75.0,75.0,76.0,83.0,82.0,76.0,65.0,80.0,76.0,85.0,80.0,61.0,87.0,63.0,75.0,80.0,74.0,75.0,81.0,76.0,76.0,74.0,71.0,72.0,15.0,7.0,12.0,8.0,13.0
214838.0,O. Opazo,27.0,https://cdn.sofifa.org/players/4/19/214838.png,Chile,https://cdn.sofifa.org/flags/55.png,73.0,73.0,Colo-Colo,https://cdn.sofifa.org/teams/2/light/110980.png,â¬4.2M,â¬8K,1991.0,Right,LB,5'7,159lbs,73.0,70.0,57.0,72.0,53.0,72.0,64.0,62.0,70.0,71.0,82.0,84.0,86.0,70.0,81.0,68.0,59.0,81.0,70.0,67.0,73.0,64.0,72.0,57.0,51.0,71.0,68.0,67.0,77.0,14.0,11.0,9.0,9.0,7.0
214817.0,A. Sagal,25.0,https://cdn.sofifa.org/players/4/19/214817.png,Chile,https://cdn.sofifa.org/flags/55.png,71.0,76.0,Pachuca,https://cdn.sofifa.org/teams/2/light/110147.png,â¬3.2M,â¬19K,1847.0,Left,ST,5'10,170lbs,66.0,76.0,66.0,66.0,55.0,65.0,56.0,37.0,59.0,66.0,76.0,77.0,72.0,63.0,64.0,73.0,63.0,84.0,76.0,62.0,54.0,61.0,71.0,59.0,69.0,68.0,36.0,58.0,59.0,13.0,10.0,11.0,11.0,13.0
231351.0,Y. Urra,21.0,https://cdn.sofifa.org/players/4/19/231351.png,Chile,https://cdn.sofifa.org/flags/55.png,58.0,68.0,CD Huachipato,https://cdn.sofifa.org/teams/2/light/111327.png,â¬160K,â¬1K,944.0,Right,GK,6'2,190lbs,17.0,8.0,12.0,29.0,8.0,13.0,15.0,13.0,28.0,35.0,23.0,26.0,22.0,44.0,35.0,22.0,60.0,24.0,64.0,9.0,29.0,9.0,4.0,46.0,21.0,46.0,11.0,9.0,13.0,57.0,56.0,62.0,58.0,62.0
176550.0,D. Ospina,29.0,https://cdn.sofifa.org/players/4/19/176550.png,Colombia,https://cdn.sofifa.org/flags/56.png,79.0,79.0,Napoli,https://cdn.sofifa.org/teams/2/light/48.png,â¬8.5M,â¬80K,1172.0,Right,GK,6'0,176lbs,11.0,10.0,15.0,36.0,12.0,12.0,10.0,13.0,32.0,32.0,34.0,34.0,44.0,72.0,50.0,35.0,75.0,29.0,38.0,12.0,20.0,25.0,16.0,50.0,26.0,60.0,11.0,13.0,12.0,83.0,70.0,78.0,77.0,85.0
214507.0,A. Zapata,33.0,https://cdn.sofifa.org/players/4/19/214507.png,Colombia,https://cdn.sofifa.org/flags/56.png,66.0,66.0,AmÃ©rica de Cali,https://cdn.sofifa.org/teams/2/light/101099.png,â¬260K,â¬1K,1660.0,Right,CB,6'0,174lbs,37.0,42.0,58.0,68.0,35.0,50.0,40.0,43.0,64.0,63.0,61.0,69.0,63.0,64.0,61.0,66.0,70.0,68.0,81.0,50.0,62.0,65.0,56.0,58.0,34.0,64.0,61.0,64.0,63.0,8.0,7.0,11.0,8.0,10.0
214601.0,S. Medina,26.0,https://cdn.sofifa.org/players/4/19/214601.png,Colombia,https://cdn.sofifa.org/flags/56.png,72.0,74.0,Monterrey,https://cdn.sofifa.org/teams/2/light/1032.png,â¬3.1M,â¬28K,1889.0,Right,RWB,5'11,152lbs,60.0,49.0,72.0,68.0,50.0,65.0,57.0,40.0,64.0,69.0,74.0,75.0,73.0,69.0,65.0,50.0,80.0,77.0,80.0,40.0,70.0,72.0,68.0,66.0,56.0,68.0,69.0,72.0,75.0,10.0,15.0,15.0,14.0,10.0
204259.0,S. Arias,26.0,https://cdn.sofifa.org/players/4/19/204259.png,Colombia,https://cdn.sofifa.org/flags/56.png,78.0,81.0,AtlÃ©tico Madrid,https://cdn.sofifa.org/teams/2/light/240.png,â¬10.5M,â¬46K,2002.0,Right,RB,5'10,159lbs,74.0,51.0,67.0,74.0,43.0,74.0,31.0,54.0,73.0,76.0,84.0,86.0,78.0,76.0,77.0,56.0,82.0,90.0,69.0,50.0,79.0,75.0,70.0,64.0,56.0,76.0,74.0,76.0,77.0,14.0,7.0,14.0,15.0,16.0
214394.0,W. Barrios,24.0,https://cdn.sofifa.org/players/4/19/214394.png,Colombia,https://cdn.sofifa.org/flags/56.png,78.0,85.0,Boca Juniors,https://cdn.sofifa.org/teams/2/light/1877.png,â¬12.5M,â¬20K,1853.0,Right,CDM,5'10,157lbs,59.0,30.0,59.0,78.0,22.0,66.0,31.0,31.0,65.0,69.0,76.0,71.0,75.0,77.0,73.0,53.0,78.0,93.0,77.0,39.0,84.0,80.0,60.0,65.0,32.0,76.0,85.0,81.0,73.0,13.0,14.0,13.0,15.0,16.0
214169.0,W. Tesillo,28.0,https://cdn.sofifa.org/players/4/19/214169.png,Colombia,https://cdn.sofifa.org/flags/56.png,74.0,74.0,Club LeÃ³n,https://cdn.sofifa.org/teams/2/light/110781.png,â¬4.6M,â¬24K,1542.0,Left,LCB,6'0,172lbs,55.0,22.0,68.0,60.0,31.0,49.0,30.0,32.0,59.0,60.0,60.0,62.0,46.0,74.0,42.0,27.0,49.0,73.0,83.0,26.0,69.0,85.0,40.0,37.0,30.0,62.0,72.0,74.0,74.0,14.0,13.0,6.0,9.0,11.0
215333.0,D. Zapata,27.0,https://cdn.sofifa.org/players/4/19/215333.png,Colombia,https://cdn.sofifa.org/flags/56.png,78.0,79.0,Atalanta,https://cdn.sofifa.org/teams/2/light/39.png,â¬12M,â¬41K,1774.0,Right,RS,6'2,194lbs,44.0,81.0,78.0,64.0,76.0,72.0,48.0,62.0,38.0,76.0,68.0,75.0,64.0,74.0,58.0,86.0,79.0,66.0,91.0,64.0,60.0,20.0,78.0,46.0,68.0,76.0,52.0,24.0,22.0,9.0,9.0,8.0,6.0,8.0
192342.0,E. Cardona,25.0,https://cdn.sofifa.org/players/4/19/192342.png,Colombia,https://cdn.sofifa.org/flags/56.png,74.0,75.0,Boca Juniors,https://cdn.sofifa.org/teams/2/light/1877.png,â¬6.5M,â¬39K,1967.0,Right,LW,6'1,207lbs,76.0,73.0,60.0,79.0,74.0,77.0,80.0,83.0,73.0,80.0,55.0,63.0,71.0,66.0,68.0,86.0,46.0,72.0,83.0,85.0,79.0,50.0,74.0,74.0,64.0,70.0,40.0,42.0,36.0,15.0,10.0,7.0,11.0,15.0
,,,,Colombia,,,,,,,,,,,,,,,,,,,,,,,,,,,,,,,,,,,,,,,,,,,,,,
198710.0,J. RodrÃ­guez,26.0,https://cdn.sofifa.org/players/4/19/198710.png,Colombia,https://cdn.sofifa.org/flags/56.png,88.0,89.0,FC Bayern MÃ¼nchen,https://cdn.sofifa.org/teams/2/light/21.png,â¬69.5M,â¬315K,2171.0,Left,LAM,5'11,172lbs,90.0,83.0,62.0,89.0,90.0,85.0,89.0,86.0,83.0,90.0,73.0,67.0,83.0,85.0,76.0,86.0,54.0,70.0,68.0,92.0,64.0,55.0,80.0,89.0,81.0,87.0,52.0,41.0,44.0,15.0,15.0,15.0,5.0,14.0
193082.0,J. Cuadrado,30.0,https://cdn.sofifa.org/players/4/19/193082.png,Colombia,https://cdn.sofifa.org/flags/56.png,84.0,84.0,Juventus,https://cdn.sofifa.org/teams/2/light/45.png,â¬29.5M,â¬150K,2163.0,Right,RAM,5'10,159lbs,80.0,67.0,58.0,80.0,70.0,90.0,78.0,69.0,69.0,85.0,89.0,93.0,91.0,80.0,82.0,84.0,75.0,78.0,61.0,80.0,78.0,62.0,78.0,76.0,65.0,80.0,63.0,70.0,74.0,5.0,5.0,13.0,6.0,9.0
212067.0,C. Vargas,29.0,https://cdn.sofifa.org/players/4/19/212067.png,Colombia,https://cdn.sofifa.org/flags/56.png,75.0,76.0,Deportivo Cali,https://cdn.sofifa.org/teams/2/light/101102.png,â¬5M,â¬5K,1246.0,Left,GK,6'1,176lbs,16.0,16.0,24.0,23.0,13.0,16.0,25.0,23.0,24.0,19.0,42.0,48.0,55.0,72.0,45.0,25.0,69.0,35.0,67.0,13.0,22.0,23.0,12.0,50.0,46.0,32.0,23.0,19.0,15.0,78.0,75.0,65.0,71.0,77.0
220523.0,Y. Mina,23.0,https://cdn.sofifa.org/players/4/19/220523.png,Colombia,https://cdn.sofifa.org/flags/56.png,78.0,85.0,Everton,https://cdn.sofifa.org/teams/2/light/7.png,â¬12.5M,â¬68K,1741.0,Right,LCB,6'5,207lbs,43.0,51.0,86.0,73.0,41.0,60.0,38.0,30.0,52.0,53.0,45.0,62.0,53.0,72.0,34.0,70.0,70.0,79.0,87.0,50.0,80.0,73.0,48.0,54.0,53.0,80.0,79.0,79.0,75.0,10.0,8.0,12.0,9.0,12.0
241084.0,L. DÃ­az,21.0,https://cdn.sofifa.org/players/4/19/241084.png,Colombia,https://cdn.sofifa.org/flags/56.png,72.0,83.0,Junior FC,https://cdn.sofifa.org/teams/2/light/101101.png,â¬5.5M,â¬3K,1706.0,Right,LM,5'11,161lbs,54.0,72.0,36.0,68.0,43.0,78.0,59.0,47.0,62.0,68.0,87.0,90.0,89.0,64.0,66.0,59.0,58.0,74.0,60.0,53.0,59.0,21.0,68.0,65.0,44.0,67.0,28.0,36.0,34.0,10.0,13.0,13.0,14.0,14.0
214047.0,M. Uribe,27.0,https://cdn.sofifa.org/players/4/19/214047.png,Colombia,https://cdn.sofifa.org/flags/56.png,76.0,77.0,Club AmÃ©rica,https://cdn.sofifa.org/teams/2/light/1879.png,â¬8.5M,â¬54K,2058.0,Right,RCM,6'0,157lbs,68.0,73.0,67.0,77.0,50.0,73.0,63.0,63.0,76.0,77.0,76.0,74.0,70.0,70.0,72.0,75.0,75.0,92.0,75.0,71.0,72.0,70.0,71.0,71.0,68.0,74.0,64.0,70.0,69.0,16.0,13.0,16.0,7.0,14.0
213991.0,J. Lerma,23.0,https://cdn.sofifa.org/players/4/19/213991.png,Colombia,https://cdn.sofifa.org/flags/56.png,79.0,84.0,Bournemouth,https://cdn.sofifa.org/teams/2/light/1943.png,â¬14.5M,â¬55K,2096.0,Right,RCM,5'10,154lbs,66.0,56.0,65.0,78.0,56.0,69.0,66.0,65.0,74.0,77.0,74.0,76.0,75.0,72.0,76.0,82.0,84.0,90.0,76.0,75.0,83.0,80.0,58.0,68.0,58.0,63.0,78.0,81.0,81.0,16.0,14.0,11.0,7.0,9.0
227153.0,C. Borja,25.0,https://cdn.sofifa.org/players/4/19/227153.png,Colombia,https://cdn.sofifa.org/flags/56.png,70.0,74.0,Deportivo Toluca,https://cdn.sofifa.org/teams/2/light/1882.png,â¬1.9M,â¬12K,1802.0,Left,LB,5'11,159lbs,68.0,48.0,58.0,63.0,31.0,66.0,46.0,42.0,65.0,65.0,90.0,85.0,78.0,66.0,65.0,45.0,71.0,79.0,60.0,60.0,65.0,68.0,58.0,62.0,46.0,55.0,63.0,68.0,64.0,13.0,11.0,15.0,12.0,6.0
,,,,Colombia,,,,,,,,,,,,,,,,,,,,,,,,,,,,,,,,,,,,,,,,,,,,,,
199110.0,L. Muriel,27.0,https://cdn.sofifa.org/players/4/19/199110.png,Colombia,https://cdn.sofifa.org/flags/56.png,80.0,81.0,Sevilla FC,https://cdn.sofifa.org/teams/2/light/481.png,â¬17.5M,â¬24K,1909.0,Right,ST,5'10,174lbs,62.0,78.0,65.0,75.0,75.0,85.0,77.0,60.0,55.0,83.0,86.0,89.0,85.0,79.0,80.0,80.0,62.0,74.0,80.0,65.0,50.0,16.0,81.0,73.0,74.0,75.0,26.0,24.0,22.0,8.0,10.0,10.0,14.0,6.0
219797.0,R. MartÃ­nez,24.0,https://cdn.sofifa.org/players/4/19/219797.png,Colombia,https://cdn.sofifa.org/flags/56.png,75.0,81.0,Club AmÃ©rica,https://cdn.sofifa.org/teams/2/light/1879.png,â¬9.5M,â¬50K,1821.0,Right,RS,5'11,187lbs,58.0,74.0,67.0,68.0,64.0,75.0,63.0,27.0,61.0,76.0,78.0,83.0,76.0,74.0,66.0,75.0,78.0,65.0,81.0,65.0,59.0,30.0,74.0,63.0,68.0,67.0,40.0,25.0,23.0,14.0,16.0,15.0,7.0,13.0
,,,,Colombia,,,,,,,,,,,,,,,,,,,,,,,,,,,,,,,,,,,,,,,,,,,,,,
229541.0,A. Montero,23.0,https://cdn.sofifa.org/players/4/19/229541.png,Colombia,https://cdn.sofifa.org/flags/56.png,69.0,79.0,Deportes Tolima,https://cdn.sofifa.org/teams/2/light/111722.png,â¬1.3M,â¬1K,1145.0,Right,GK,6'5,187lbs,20.0,18.0,14.0,39.0,19.0,16.0,18.0,14.0,21.0,24.0,42.0,44.0,32.0,65.0,48.0,25.0,55.0,32.0,80.0,17.0,26.0,16.0,19.0,30.0,25.0,41.0,18.0,18.0,14.0,70.0,67.0,61.0,66.0,72.0
242132.0,D. SÃ¡nchez,25.0,https://cdn.sofifa.org/players/4/19/242132.png,Colombia,https://cdn.sofifa.org/flags/56.png,60.0,65.0,ItagÃ¼Ã­ Leones FC,https://cdn.sofifa.org/teams/2/light/112970.png,â¬230K,â¬1K,1406.0,Left,LB,5'10,154lbs,52.0,25.0,51.0,50.0,20.0,50.0,27.0,34.0,41.0,49.0,72.0,65.0,66.0,53.0,67.0,28.0,56.0,75.0,56.0,22.0,50.0,52.0,37.0,38.0,38.0,49.0,66.0,63.0,59.0,6.0,7.0,14.0,6.0,11.0
189024.0,M. Banguera,32.0,https://cdn.sofifa.org/players/4/19/189024.png,Ecuador,https://cdn.sofifa.org/flags/57.png,73.0,73.0,,https://cdn.sofifa.org/flags/57.png,â¬0,â¬0,1016.0,Right,GK,6'2,198lbs,12.0,14.0,15.0,14.0,16.0,18.0,19.0,20.0,12.0,12.0,40.0,40.0,28.0,69.0,31.0,12.0,35.0,30.0,65.0,14.0,30.0,18.0,16.0,21.0,13.0,39.0,15.0,16.0,14.0,68.0,70.0,65.0,77.0,77.0
225680.0,A. Mina,27.0,https://cdn.sofifa.org/players/4/19/225680.png,Ecuador,https://cdn.sofifa.org/flags/57.png,71.0,73.0,Yeni Malatyaspor,https://cdn.sofifa.org/teams/2/light/113259.png,â¬2.3M,â¬9K,1552.0,Right,LCB,6'3,185lbs,43.0,30.0,77.0,64.0,30.0,47.0,27.0,41.0,57.0,61.0,52.0,50.0,38.0,66.0,45.0,52.0,67.0,56.0,92.0,33.0,66.0,67.0,38.0,44.0,45.0,55.0,72.0,68.0,65.0,10.0,16.0,14.0,7.0,12.0
,,,,Ecuador,,,,,,,,,,,,,,,,,,,,,,,,,,,,,,,,,,,,,,,,,,,,,,
,,,,Ecuador,,,,,,,,,,,,,,,,,,,,,,,,,,,,,,,,,,,,,,,,,,,,,,
204738.0,R. Ibarra,27.0,https://cdn.sofifa.org/players/4/19/204738.png,Ecuador,https://cdn.sofifa.org/flags/57.png,74.0,74.0,Club AmÃ©rica,https://cdn.sofifa.org/teams/2/light/1879.png,â¬6M,â¬48K,1927.0,Right,RM,5'9,152lbs,76.0,60.0,47.0,70.0,64.0,77.0,60.0,61.0,62.0,75.0,89.0,90.0,84.0,67.0,75.0,70.0,69.0,79.0,70.0,68.0,73.0,56.0,64.0,62.0,54.0,63.0,57.0,52.0,46.0,6.0,9.0,14.0,13.0,8.0
,,,,Ecuador,,,,,,,,,,,,,,,,,,,,,,,,,,,,,,,,,,,,,,,,,,,,,,
241498.0,R. Ibarra,23.0,https://cdn.sofifa.org/players/4/19/241498.png,Ecuador,https://cdn.sofifa.org/flags/57.png,69.0,73.0,Minnesota United FC,https://cdn.sofifa.org/teams/2/light/111138.png,â¬1.4M,â¬4K,1760.0,Right,LM,5'9,168lbs,71.0,64.0,62.0,70.0,54.0,67.0,61.0,59.0,66.0,64.0,82.0,90.0,85.0,56.0,73.0,65.0,59.0,79.0,71.0,55.0,41.0,26.0,62.0,55.0,68.0,64.0,39.0,32.0,34.0,12.0,7.0,9.0,8.0,14.0
221860.0,C. Gruezo,23.0,https://cdn.sofifa.org/players/4/19/221860.png,Ecuador,https://cdn.sofifa.org/flags/57.png,72.0,79.0,FC Dallas,https://cdn.sofifa.org/teams/2/light/695.png,â¬3.7M,â¬5K,1801.0,Right,CDM,5'7,148lbs,43.0,41.0,58.0,75.0,37.0,60.0,48.0,47.0,69.0,70.0,67.0,60.0,71.0,68.0,85.0,61.0,69.0,78.0,72.0,42.0,85.0,69.0,55.0,58.0,49.0,65.0,67.0,73.0,70.0,9.0,10.0,12.0,12.0,11.0
,,,,Ecuador,,,,,,,,,,,,,,,,,,,,,,,,,,,,,,,,,,,,,,,,,,,,,,
223053.0,A. Mena,30.0,https://cdn.sofifa.org/players/4/19/223053.png,Ecuador,https://cdn.sofifa.org/flags/57.png,72.0,72.0,Cruz Azul,https://cdn.sofifa.org/teams/2/light/1878.png,â¬2.9M,â¬20K,1849.0,Left,RW,5'6,148lbs,67.0,67.0,65.0,71.0,71.0,72.0,62.0,67.0,68.0,73.0,82.0,83.0,87.0,72.0,86.0,70.0,43.0,79.0,42.0,72.0,27.0,43.0,69.0,69.0,69.0,70.0,38.0,46.0,41.0,6.0,10.0,9.0,10.0,13.0
241412.0,A. Preciado,23.0,https://cdn.sofifa.org/players/4/19/241412.png,Ecuador,https://cdn.sofifa.org/flags/57.png,70.0,74.0,Santos Laguna,https://cdn.sofifa.org/teams/2/light/110144.png,â¬2.3M,â¬11K,1774.0,Left,LW,6'0,157lbs,70.0,69.0,71.0,67.0,73.0,73.0,64.0,68.0,69.0,68.0,81.0,82.0,76.0,66.0,65.0,69.0,58.0,71.0,70.0,60.0,43.0,37.0,64.0,61.0,71.0,61.0,31.0,19.0,20.0,7.0,6.0,11.0,8.0,6.0
,,,,Ecuador,,,,,,,,,,,,,,,,,,,,,,,,,,,,,,,,,,,,,,,,,,,,,,
220295.0,E. Valencia,28.0,https://cdn.sofifa.org/players/4/19/220295.png,Ecuador,https://cdn.sofifa.org/flags/57.png,76.0,76.0,Tigres U.A.N.L.,https://cdn.sofifa.org/teams/2/light/1970.png,â¬8M,â¬55K,1969.0,Right,ST,5'10,168lbs,70.0,75.0,71.0,68.0,65.0,74.0,71.0,65.0,63.0,74.0,88.0,87.0,80.0,72.0,77.0,80.0,90.0,80.0,74.0,74.0,57.0,42.0,74.0,67.0,70.0,73.0,25.0,40.0,42.0,9.0,12.0,16.0,9.0,8.0
246406.0,X. Arreaga,23.0,https://cdn.sofifa.org/players/4/19/246406.png,Ecuador,https://cdn.sofifa.org/flags/57.png,66.0,71.0,,https://cdn.sofifa.org/flags/57.png,â¬0,â¬0,1362.0,Right,CB,6'0,165lbs,23.0,18.0,78.0,50.0,27.0,25.0,30.0,22.0,44.0,31.0,60.0,56.0,42.0,44.0,61.0,39.0,70.0,77.0,66.0,17.0,78.0,53.0,28.0,28.0,34.0,44.0,69.0,74.0,71.0,7.0,13.0,8.0,11.0,8.0
241406.0,J. Intriago,22.0,https://cdn.sofifa.org/players/4/19/241406.png,Ecuador,https://cdn.sofifa.org/flags/57.png,66.0,75.0,,https://cdn.sofifa.org/flags/57.png,â¬0,â¬0,1772.0,Right,CM,5'9,152lbs,62.0,30.0,64.0,70.0,31.0,69.0,59.0,58.0,68.0,68.0,71.0,69.0,66.0,63.0,56.0,65.0,64.0,78.0,66.0,55.0,72.0,63.0,52.0,58.0,63.0,55.0,63.0,64.0,63.0,5.0,12.0,9.0,7.0,9.0
167905.0,A. Valencia,32.0,https://cdn.sofifa.org/players/4/19/167905.png,Ecuador,https://cdn.sofifa.org/flags/57.png,81.0,81.0,Manchester United,https://cdn.sofifa.org/teams/2/light/11.png,â¬10M,â¬120K,2142.0,Right,RM,5'11,183lbs,79.0,60.0,62.0,81.0,64.0,80.0,70.0,66.0,72.0,81.0,82.0,85.0,72.0,82.0,78.0,85.0,69.0,79.0,79.0,66.0,80.0,82.0,73.0,71.0,55.0,82.0,77.0,82.0,79.0,16.0,11.0,10.0,7.0,7.0
,,,,Ecuador,,,,,,,,,,,,,,,,,,,,,,,,,,,,,,,,,,,,,,,,,,,,,,
236270.0,J. Orejuela,25.0,https://cdn.sofifa.org/players/4/19/236270.png,Ecuador,https://cdn.sofifa.org/flags/57.png,69.0,76.0,,https://cdn.sofifa.org/flags/57.png,â¬0,â¬0,1770.0,Right,RCM,5'10,157lbs,51.0,51.0,64.0,72.0,18.0,55.0,46.0,63.0,69.0,63.0,69.0,66.0,62.0,70.0,70.0,72.0,55.0,82.0,69.0,59.0,60.0,67.0,48.0,60.0,55.0,69.0,65.0,69.0,64.0,13.0,5.0,13.0,14.0,11.0
246403.0,B. Caicedo,26.0,https://cdn.sofifa.org/players/4/19/246403.png,Ecuador,https://cdn.sofifa.org/flags/57.png,72.0,75.0,,https://cdn.sofifa.org/flags/57.png,â¬0,â¬0,1823.0,Left,LB,5'11,159lbs,69.0,51.0,44.0,72.0,40.0,66.0,55.0,59.0,66.0,63.0,87.0,84.0,80.0,72.0,71.0,52.0,63.0,70.0,57.0,56.0,64.0,70.0,45.0,40.0,59.0,52.0,66.0,73.0,72.0,11.0,9.0,13.0,10.0,14.0
,,,,Ecuador,,,,,,,,,,,,,,,,,,,,,,,,,,,,,,,,,,,,,,,,,,,,,,
204406.0,G. Achilier,33.0,https://cdn.sofifa.org/players/4/19/204406.png,Ecuador,https://cdn.sofifa.org/flags/57.png,71.0,71.0,Monarcas Morelia,https://cdn.sofifa.org/teams/2/light/1028.png,â¬950K,â¬7K,1424.0,Right,LCB,5'10,187lbs,49.0,18.0,71.0,51.0,21.0,43.0,36.0,30.0,37.0,53.0,55.0,42.0,36.0,65.0,47.0,16.0,76.0,68.0,82.0,17.0,68.0,74.0,28.0,32.0,35.0,54.0,70.0,74.0,70.0,15.0,8.0,13.0,15.0,9.0
,,,,Ecuador,,,,,,,,,,,,,,,,,,,,,,,,,,,,,,,,,,,,,,,,,,,,,,
246057.0,J. MÃ©ndez,21.0,https://cdn.sofifa.org/players/4/19/246057.png,Ecuador,https://cdn.sofifa.org/flags/57.png,65.0,74.0,,https://cdn.sofifa.org/flags/57.png,â¬0,â¬0,1763.0,Right,LCM,5'10,154lbs,62.0,56.0,62.0,69.0,48.0,58.0,32.0,54.0,67.0,56.0,70.0,71.0,74.0,66.0,72.0,64.0,66.0,69.0,58.0,62.0,67.0,65.0,52.0,55.0,49.0,57.0,64.0,63.0,59.0,7.0,10.0,9.0,14.0,13.0
,,,,Paraguay,,,,,,,,,,,,,,,,,,,,,,,,,,,,,,,,,,,,,,,,,,,,,,
204977.0,I. Piris,29.0,https://cdn.sofifa.org/players/4/19/204977.png,Paraguay,https://cdn.sofifa.org/flags/58.png,72.0,72.0,Newell's Old Boys,https://cdn.sofifa.org/teams/2/light/110396.png,â¬2.4M,â¬29K,1879.0,Right,RB,5'8,161lbs,68.0,40.0,58.0,65.0,40.0,66.0,65.0,45.0,66.0,69.0,84.0,72.0,79.0,77.0,75.0,64.0,82.0,75.0,64.0,51.0,77.0,71.0,48.0,46.0,55.0,69.0,68.0,73.0,71.0,11.0,14.0,11.0,14.0,15.0
,,,,Paraguay,,,,,,,,,,,,,,,,,,,,,,,,,,,,,,,,,,,,,,,,,,,,,,
228229.0,F. Balbuena,26.0,https://cdn.sofifa.org/players/4/19/228229.png,Paraguay,https://cdn.sofifa.org/flags/58.png,80.0,83.0,West Ham United,https://cdn.sofifa.org/teams/2/light/19.png,â¬15.5M,â¬80K,1667.0,Right,RCB,6'2,187lbs,33.0,31.0,82.0,71.0,24.0,47.0,30.0,34.0,56.0,56.0,56.0,65.0,42.0,77.0,42.0,71.0,73.0,76.0,84.0,34.0,82.0,80.0,27.0,45.0,48.0,74.0,82.0,82.0,76.0,9.0,13.0,15.0,9.0,15.0
228729.0,B. Valdez,25.0,https://cdn.sofifa.org/players/4/19/228729.png,Paraguay,https://cdn.sofifa.org/flags/58.png,74.0,77.0,Club AmÃ©rica,https://cdn.sofifa.org/teams/2/light/1879.png,â¬6M,â¬42K,1679.0,Right,RCB,6'0,174lbs,61.0,32.0,80.0,66.0,39.0,47.0,28.0,31.0,52.0,62.0,58.0,72.0,51.0,64.0,54.0,44.0,84.0,81.0,76.0,30.0,66.0,75.0,51.0,47.0,48.0,65.0,75.0,73.0,73.0,7.0,15.0,8.0,15.0,14.0
216385.0,R. Ortiz,28.0,https://cdn.sofifa.org/players/4/19/216385.png,Paraguay,https://cdn.sofifa.org/flags/58.png,74.0,75.0,,https://cdn.sofifa.org/flags/58.png,â¬0,â¬0,1973.0,Left,CDM,5'9,165lbs,57.0,60.0,45.0,75.0,52.0,70.0,61.0,55.0,67.0,74.0,70.0,74.0,80.0,68.0,69.0,80.0,59.0,80.0,74.0,76.0,83.0,75.0,65.0,71.0,61.0,61.0,74.0,68.0,65.0,12.0,15.0,16.0,10.0,12.0
,,,,Paraguay,,,,,,,,,,,,,,,,,,,,,,,,,,,,,,,,,,,,,,,,,,,,,,
237183.0,M. Rojas,22.0,https://cdn.sofifa.org/players/4/19/237183.png,Paraguay,https://cdn.sofifa.org/flags/58.png,65.0,73.0,Defensa y Justicia,https://cdn.sofifa.org/teams/2/light/111710.png,â¬775K,â¬3K,1636.0,Left,RCM,6'1,159lbs,62.0,68.0,45.0,69.0,44.0,73.0,60.0,65.0,58.0,69.0,69.0,80.0,74.0,69.0,56.0,64.0,43.0,71.0,62.0,65.0,30.0,34.0,70.0,65.0,45.0,66.0,27.0,30.0,24.0,8.0,6.0,12.0,8.0,11.0
201335.0,F. Santander,27.0,https://cdn.sofifa.org/players/4/19/201335.png,Paraguay,https://cdn.sofifa.org/flags/58.png,74.0,75.0,Bologna,https://cdn.sofifa.org/teams/2/light/189.png,â¬6.5M,â¬29K,1812.0,Right,ST,6'2,176lbs,56.0,76.0,73.0,69.0,67.0,68.0,55.0,55.0,55.0,72.0,70.0,73.0,75.0,68.0,63.0,75.0,82.0,72.0,80.0,64.0,72.0,33.0,76.0,68.0,69.0,72.0,32.0,19.0,23.0,10.0,7.0,13.0,10.0,12.0
,,,,Paraguay,,,,,,,,,,,,,,,,,,,,,,,,,,,,,,,,,,,,,,,,,,,,,,
199151.0,J. Iturbe,25.0,https://cdn.sofifa.org/players/4/19/199151.png,Paraguay,https://cdn.sofifa.org/flags/58.png,76.0,79.0,U.N.A.M.,https://cdn.sofifa.org/teams/2/light/1881.png,â¬9.5M,â¬23K,1858.0,Left,RW,5'7,137lbs,67.0,65.0,40.0,69.0,61.0,81.0,71.0,73.0,57.0,77.0,93.0,92.0,93.0,64.0,91.0,76.0,67.0,70.0,40.0,76.0,74.0,21.0,74.0,70.0,62.0,79.0,31.0,30.0,26.0,12.0,8.0,12.0,6.0,9.0
,,,,Paraguay,,,,,,,,,,,,,,,,,,,,,,,,,,,,,,,,,,,,,,,,,,,,,,
,,,,Paraguay,,,,,,,,,,,,,,,,,,,,,,,,,,,,,,,,,,,,,,,,,,,,,,
,,,,Paraguay,,,,,,,,,,,,,,,,,,,,,,,,,,,,,,,,,,,,,,,,,,,,,,
,,,,Paraguay,,,,,,,,,,,,,,,,,,,,,,,,,,,,,,,,,,,,,,,,,,,,,,
,,,,Paraguay,,,,,,,,,,,,,,,,,,,,,,,,,,,,,,,,,,,,,,,,,,,,,,
193887.0,H. PÃ©rez,29.0,https://cdn.sofifa.org/players/4/19/193887.png,Paraguay,https://cdn.sofifa.org/flags/58.png,77.0,77.0,RCD Espanyol,https://cdn.sofifa.org/teams/2/light/452.png,â¬8.5M,â¬29K,1928.0,Right,RM,5'11,157lbs,79.0,70.0,54.0,76.0,64.0,78.0,62.0,62.0,67.0,79.0,78.0,76.0,75.0,78.0,69.0,88.0,77.0,67.0,69.0,78.0,85.0,43.0,79.0,72.0,48.0,82.0,54.0,24.0,14.0,13.0,13.0,14.0,8.0,15.0
,,,,Paraguay,,,,,,,,,,,,,,,,,,,,,,,,,,,,,,,,,,,,,,,,,,,,,,
225878.0,C. DomÃ­nguez,23.0,https://cdn.sofifa.org/players/4/19/225878.png,Paraguay,https://cdn.sofifa.org/flags/58.png,75.0,79.0,Club AmÃ©rica,https://cdn.sofifa.org/teams/2/light/1879.png,â¬8.5M,â¬45K,1884.0,Right,LM,5'10,154lbs,70.0,70.0,56.0,74.0,62.0,76.0,67.0,59.0,70.0,73.0,78.0,77.0,76.0,69.0,70.0,68.0,64.0,77.0,68.0,69.0,53.0,43.0,75.0,73.0,71.0,73.0,53.0,33.0,32.0,15.0,10.0,12.0,15.0,6.0
237183.0,M. Rojas,22.0,https://cdn.sofifa.org/players/4/19/237183.png,Paraguay,https://cdn.sofifa.org/flags/58.png,65.0,73.0,Defensa y Justicia,https://cdn.sofifa.org/teams/2/light/111710.png,â¬775K,â¬3K,1636.0,Left,RCM,6'1,159lbs,62.0,68.0,45.0,69.0,44.0,73.0,60.0,65.0,58.0,69.0,69.0,80.0,74.0,69.0,56.0,64.0,43.0,71.0,62.0,65.0,30.0,34.0,70.0,65.0,45.0,66.0,27.0,30.0,24.0,8.0,6.0,12.0,8.0,11.0
220334.0,O. Romero,25.0,https://cdn.sofifa.org/players/4/19/220334.png,Paraguay,https://cdn.sofifa.org/flags/58.png,76.0,77.0,Shanghai Greenland Shenhua FC,https://cdn.sofifa.org/teams/2/light/110955.png,â¬9M,â¬16K,1890.0,Left,RM,5'9,163lbs,72.0,74.0,52.0,76.0,53.0,80.0,76.0,72.0,74.0,78.0,79.0,76.0,79.0,69.0,85.0,72.0,74.0,72.0,60.0,73.0,48.0,39.0,69.0,75.0,69.0,62.0,42.0,24.0,25.0,8.0,7.0,14.0,14.0,10.0
182941.0,P. Aguilar,31.0,https://cdn.sofifa.org/players/4/19/182941.png,Paraguay,https://cdn.sofifa.org/flags/58.png,76.0,76.0,Cruz Azul,https://cdn.sofifa.org/teams/2/light/1878.png,â¬5M,â¬23K,1781.0,Right,RCB,5'11,176lbs,40.0,50.0,80.0,58.0,50.0,50.0,48.0,35.0,62.0,62.0,67.0,64.0,60.0,69.0,60.0,64.0,91.0,64.0,80.0,49.0,88.0,77.0,28.0,58.0,51.0,78.0,77.0,74.0,70.0,15.0,12.0,13.0,9.0,6.0
230977.0,M. AlmirÃ³n,24.0,https://cdn.sofifa.org/players/4/19/230977.png,Paraguay,https://cdn.sofifa.org/flags/58.png,80.0,84.0,Atlanta United,https://cdn.sofifa.org/teams/2/light/112885.png,â¬19.5M,â¬11K,1988.0,Left,CAM,5'9,139lbs,71.0,74.0,43.0,79.0,75.0,81.0,74.0,70.0,70.0,79.0,90.0,89.0,86.0,79.0,64.0,78.0,46.0,85.0,52.0,73.0,65.0,50.0,74.0,79.0,64.0,76.0,43.0,53.0,49.0,6.0,9.0,13.0,13.0,12.0
225701.0,P. Gallese,28.0,https://cdn.sofifa.org/players/4/19/225701.png,Peru,https://cdn.sofifa.org/flags/59.png,72.0,73.0,Tiburones Rojos de Veracruz,https://cdn.sofifa.org/teams/2/light/110145.png,â¬2.5M,â¬5K,1193.0,Right,GK,6'2,170lbs,21.0,20.0,18.0,31.0,20.0,19.0,12.0,17.0,24.0,22.0,45.0,49.0,34.0,76.0,57.0,24.0,58.0,30.0,49.0,12.0,22.0,25.0,18.0,59.0,22.0,53.0,23.0,19.0,19.0,74.0,66.0,68.0,69.0,71.0
234178.0,L. Abram,22.0,https://cdn.sofifa.org/players/4/19/234178.png,Peru,https://cdn.sofifa.org/flags/59.png,70.0,79.0,VÃ©lez Sarsfield,https://cdn.sofifa.org/teams/2/light/101088.png,â¬2.4M,â¬7K,1475.0,Left,LCB,5'11,168lbs,29.0,20.0,67.0,53.0,28.0,40.0,24.0,25.0,49.0,54.0,65.0,67.0,55.0,58.0,54.0,38.0,83.0,71.0,71.0,17.0,69.0,70.0,33.0,31.0,34.0,47.0,74.0,75.0,71.0,10.0,9.0,13.0,6.0,12.0
196688.0,A. Corzo,29.0,https://cdn.sofifa.org/players/4/19/196688.png,Peru,https://cdn.sofifa.org/flags/59.png,69.0,69.0,,https://cdn.sofifa.org/flags/59.png,â¬0,â¬0,1677.0,Right,LB,5'8,165lbs,69.0,18.0,68.0,59.0,31.0,63.0,46.0,50.0,53.0,65.0,72.0,68.0,72.0,63.0,73.0,59.0,43.0,67.0,55.0,49.0,53.0,66.0,59.0,48.0,43.0,50.0,68.0,73.0,70.0,15.0,12.0,8.0,13.0,6.0
236260.0,A. SantamarÃ­a,26.0,https://cdn.sofifa.org/players/4/19/236260.png,Peru,https://cdn.sofifa.org/flags/59.png,68.0,71.0,Puebla FC,https://cdn.sofifa.org/teams/2/light/110152.png,â¬925K,â¬4K,1843.0,Right,RCB,6'0,165lbs,61.0,55.0,68.0,66.0,58.0,66.0,59.0,64.0,66.0,65.0,64.0,68.0,60.0,51.0,63.0,72.0,50.0,69.0,71.0,65.0,68.0,65.0,62.0,62.0,62.0,66.0,70.0,71.0,69.0,12.0,11.0,10.0,7.0,13.0
226002.0,M. Araujo,23.0,https://cdn.sofifa.org/players/4/19/226002.png,Peru,https://cdn.sofifa.org/flags/59.png,69.0,74.0,Club AtlÃ©tico Talleres,https://cdn.sofifa.org/teams/2/light/112670.png,â¬1.2M,â¬6K,1580.0,Right,LCB,5'10,157lbs,41.0,30.0,73.0,61.0,37.0,46.0,23.0,41.0,59.0,57.0,66.0,67.0,60.0,54.0,70.0,52.0,70.0,66.0,59.0,32.0,76.0,64.0,22.0,27.0,51.0,54.0,68.0,75.0,72.0,13.0,15.0,9.0,16.0,8.0
,,,,Peru,,,,,,,,,,,,,,,,,,,,,,,,,,,,,,,,,,,,,,,,,,,,,,
211124.0,P. Hurtado,27.0,https://cdn.sofifa.org/players/4/19/211124.png,Peru,https://cdn.sofifa.org/flags/59.png,75.0,75.0,Atiker Konyaspor,https://cdn.sofifa.org/teams/2/light/101033.png,â¬7M,â¬18K,1919.0,Right,CAM,5'9,159lbs,70.0,72.0,72.0,74.0,70.0,75.0,68.0,72.0,71.0,76.0,80.0,83.0,75.0,70.0,73.0,76.0,80.0,65.0,59.0,71.0,42.0,45.0,72.0,74.0,69.0,72.0,48.0,34.0,28.0,7.0,12.0,16.0,11.0,9.0
214692.0,C. Cueva,26.0,https://cdn.sofifa.org/players/4/19/214692.png,Peru,https://cdn.sofifa.org/flags/59.png,75.0,75.0,,https://cdn.sofifa.org/flags/59.png,â¬0,â¬0,1849.0,Right,LM,5'6,134lbs,70.0,67.0,53.0,74.0,53.0,76.0,73.0,63.0,68.0,76.0,84.0,83.0,81.0,74.0,82.0,70.0,67.0,63.0,48.0,64.0,48.0,49.0,74.0,69.0,67.0,60.0,44.0,32.0,31.0,8.0,10.0,7.0,10.0,11.0
,,,,Peru,,,,,,,,,,,,,,,,,,,,,,,,,,,,,,,,,,,,,,,,,,,,,,
158133.0,J. FarfÃ¡n,33.0,https://cdn.sofifa.org/players/4/19/158133.png,Peru,https://cdn.sofifa.org/flags/59.png,79.0,79.0,Lokomotiv Moscow,https://cdn.sofifa.org/teams/2/light/100765.png,â¬7.5M,â¬1K,1999.0,Right,CAM,5'10,185lbs,80.0,73.0,65.0,77.0,69.0,78.0,80.0,75.0,73.0,79.0,84.0,84.0,75.0,77.0,66.0,75.0,76.0,69.0,78.0,72.0,73.0,39.0,75.0,80.0,79.0,80.0,17.0,43.0,29.0,15.0,12.0,5.0,12.0,15.0
,,,,Peru,,,,,,,,,,,,,,,,,,,,,,,,,,,,,,,,,,,,,,,,,,,,,,
234054.0,C. CÃ¡ceda,26.0,https://cdn.sofifa.org/players/4/19/234054.png,Peru,https://cdn.sofifa.org/flags/59.png,69.0,73.0,,https://cdn.sofifa.org/flags/59.png,â¬0,â¬0,973.0,Right,GK,6'0,165lbs,10.0,8.0,12.0,23.0,8.0,11.0,11.0,12.0,21.0,17.0,33.0,26.0,31.0,54.0,48.0,15.0,67.0,32.0,56.0,9.0,29.0,6.0,5.0,25.0,18.0,49.0,17.0,12.0,11.0,69.0,69.0,65.0,71.0,72.0
220673.0,R. Tapia,22.0,https://cdn.sofifa.org/players/4/19/220673.png,Peru,https://cdn.sofifa.org/flags/59.png,74.0,79.0,Feyenoord,https://cdn.sofifa.org/teams/2/light/246.png,â¬6.5M,â¬10K,1981.0,Right,RDM,6'0,172lbs,60.0,44.0,66.0,71.0,63.0,74.0,65.0,54.0,75.0,76.0,72.0,66.0,72.0,68.0,67.0,69.0,82.0,77.0,77.0,62.0,82.0,74.0,60.0,66.0,61.0,63.0,71.0,72.0,75.0,16.0,14.0,7.0,15.0,8.0
223637.0,A. Polo,23.0,https://cdn.sofifa.org/players/4/19/223637.png,Peru,https://cdn.sofifa.org/flags/59.png,68.0,74.0,Portland Timbers,https://cdn.sofifa.org/teams/2/light/111140.png,â¬1.2M,â¬4K,1778.0,Right,CM,5'9,157lbs,67.0,64.0,59.0,69.0,56.0,70.0,54.0,45.0,64.0,72.0,84.0,87.0,87.0,73.0,85.0,62.0,38.0,74.0,47.0,58.0,38.0,59.0,68.0,61.0,44.0,59.0,37.0,53.0,48.0,10.0,7.0,12.0,12.0,14.0
187132.0,C. Zambrano,28.0,https://cdn.sofifa.org/players/4/19/187132.png,Peru,https://cdn.sofifa.org/flags/59.png,76.0,77.0,FC Basel 1893,https://cdn.sofifa.org/teams/2/light/896.png,â¬7M,â¬25K,1800.0,Right,CB,6'1,172lbs,51.0,41.0,74.0,72.0,36.0,66.0,36.0,33.0,68.0,69.0,65.0,62.0,65.0,66.0,59.0,67.0,82.0,73.0,74.0,54.0,91.0,70.0,44.0,45.0,44.0,73.0,75.0,77.0,76.0,14.0,12.0,13.0,12.0,14.0
,,,,Peru,,,,,,,,,,,,,,,,,,,,,,,,,,,,,,,,,,,,,,,,,,,,,,
204539.0,L. AdvÃ­ncula,28.0,https://cdn.sofifa.org/players/4/19/204539.png,Peru,https://cdn.sofifa.org/flags/59.png,74.0,74.0,Rayo Vallecano,https://cdn.sofifa.org/teams/2/light/480.png,â¬4.4M,â¬41K,2058.0,Right,RB,5'10,176lbs,75.0,58.0,62.0,73.0,59.0,76.0,77.0,63.0,67.0,74.0,95.0,94.0,80.0,69.0,76.0,76.0,72.0,80.0,74.0,68.0,70.0,63.0,68.0,60.0,64.0,60.0,66.0,70.0,67.0,11.0,12.0,13.0,15.0,11.0
203299.0,A. Carrillo,27.0,https://cdn.sofifa.org/players/4/19/203299.png,Peru,https://cdn.sofifa.org/flags/59.png,78.0,78.0,Al Hilal,https://cdn.sofifa.org/teams/2/light/605.png,â¬11M,â¬14K,1928.0,Right,RM,5'11,172lbs,78.0,73.0,70.0,73.0,74.0,85.0,78.0,55.0,60.0,82.0,86.0,86.0,80.0,74.0,76.0,76.0,73.0,67.0,72.0,75.0,53.0,34.0,74.0,73.0,68.0,73.0,19.0,32.0,25.0,11.0,14.0,13.0,12.0,7.0
204542.0,Y. YotÃºn,28.0,https://cdn.sofifa.org/players/4/19/204542.png,Peru,https://cdn.sofifa.org/flags/59.png,73.0,73.0,Orlando City SC,https://cdn.sofifa.org/teams/2/light/112606.png,â¬4M,â¬8K,1974.0,Left,LDM,5'8,150lbs,74.0,50.0,53.0,75.0,61.0,72.0,69.0,69.0,75.0,73.0,68.0,63.0,83.0,70.0,77.0,75.0,77.0,85.0,59.0,64.0,79.0,62.0,66.0,77.0,51.0,74.0,69.0,63.0,66.0,7.0,8.0,16.0,11.0,7.0
210951.0,E. Flores,24.0,https://cdn.sofifa.org/players/4/19/210951.png,Peru,https://cdn.sofifa.org/flags/59.png,68.0,74.0,Monarcas Morelia,https://cdn.sofifa.org/teams/2/light/1028.png,â¬1.2M,â¬4K,1731.0,Left,LM,5'7,150lbs,67.0,64.0,34.0,62.0,64.0,75.0,65.0,59.0,58.0,69.0,75.0,77.0,88.0,52.0,84.0,58.0,86.0,69.0,56.0,65.0,18.0,34.0,60.0,65.0,62.0,64.0,38.0,42.0,25.0,12.0,10.0,12.0,13.0,13.0
,,,,Peru,,,,,,,,,,,,,,,,,,,,,,,,,,,,,,,,,,,,,,,,,,,,,,
211522.0,A. Callens,26.0,https://cdn.sofifa.org/players/4/19/211522.png,Peru,https://cdn.sofifa.org/flags/59.png,71.0,75.0,New York City FC,https://cdn.sofifa.org/teams/2/light/112828.png,â¬2.5M,â¬5K,1582.0,Left,LCB,6'1,168lbs,23.0,18.0,71.0,69.0,40.0,42.0,28.0,26.0,69.0,56.0,60.0,46.0,72.0,70.0,54.0,73.0,74.0,73.0,77.0,23.0,77.0,71.0,25.0,35.0,43.0,63.0,65.0,70.0,76.0,13.0,9.0,9.0,10.0,15.0
228271.0,C. GonzÃ¡les,25.0,https://cdn.sofifa.org/players/4/19/228271.png,Peru,https://cdn.sofifa.org/flags/59.png,66.0,69.0,,https://cdn.sofifa.org/flags/59.png,â¬0,â¬0,1728.0,Right,CM,5'9,152lbs,60.0,62.0,51.0,66.0,58.0,67.0,52.0,62.0,64.0,65.0,68.0,69.0,70.0,63.0,69.0,67.0,46.0,71.0,58.0,65.0,17.0,54.0,65.0,70.0,65.0,58.0,56.0,53.0,52.0,6.0,9.0,12.0,7.0,9.0
182494.0,F. Muslera,32.0,https://cdn.sofifa.org/players/4/19/182494.png,Uruguay,https://cdn.sofifa.org/flags/60.png,81.0,81.0,Galatasaray SK,https://cdn.sofifa.org/teams/2/light/325.png,â¬10M,â¬52K,1359.0,Right,GK,6'3,163lbs,15.0,10.0,12.0,44.0,10.0,25.0,14.0,10.0,47.0,23.0,60.0,62.0,68.0,76.0,62.0,25.0,84.0,45.0,68.0,10.0,32.0,23.0,13.0,58.0,24.0,53.0,12.0,16.0,16.0,81.0,75.0,75.0,81.0,83.0
,,,,Uruguay,,,,,,,,,,,,,,,,,,,,,,,,,,,,,,,,,,,,,,,,,,,,,,
182493.0,D. GodÃ­n,32.0,https://cdn.sofifa.org/players/4/19/182493.png,Uruguay,https://cdn.sofifa.org/flags/60.png,90.0,90.0,AtlÃ©tico Madrid,https://cdn.sofifa.org/teams/2/light/240.png,â¬44M,â¬125K,1946.0,Right,CB,6'2,172lbs,55.0,42.0,92.0,79.0,47.0,53.0,49.0,51.0,70.0,76.0,68.0,68.0,58.0,85.0,54.0,67.0,91.0,66.0,88.0,43.0,89.0,88.0,48.0,52.0,50.0,82.0,90.0,89.0,89.0,6.0,8.0,15.0,5.0,15.0
216666.0,A. GonzÃ¡lez,30.0,https://cdn.sofifa.org/players/4/19/216666.png,Uruguay,https://cdn.sofifa.org/flags/60.png,67.0,67.0,CD Palestino,https://cdn.sofifa.org/teams/2/light/111328.png,â¬550K,â¬2K,1562.0,Right,RCB,6'0,174lbs,59.0,15.0,67.0,60.0,18.0,48.0,31.0,28.0,61.0,55.0,68.0,70.0,62.0,60.0,66.0,29.0,84.0,74.0,79.0,13.0,71.0,69.0,45.0,49.0,34.0,69.0,65.0,69.0,68.0,8.0,7.0,8.0,13.0,9.0
219985.0,M. Vecino,26.0,https://cdn.sofifa.org/players/4/19/219985.png,Uruguay,https://cdn.sofifa.org/flags/60.png,80.0,81.0,Inter,https://cdn.sofifa.org/teams/2/light/44.png,â¬14.5M,â¬63K,2052.0,Right,LM,6'2,179lbs,71.0,61.0,75.0,83.0,62.0,84.0,64.0,58.0,79.0,84.0,74.0,69.0,66.0,83.0,56.0,78.0,67.0,81.0,75.0,77.0,72.0,76.0,74.0,81.0,56.0,81.0,76.0,77.0,73.0,4.0,4.0,4.0,4.0,4.0
227535.0,R. Bentancur,21.0,https://cdn.sofifa.org/players/4/19/227535.png,Uruguay,https://cdn.sofifa.org/flags/60.png,77.0,89.0,Juventus,https://cdn.sofifa.org/teams/2/light/45.png,â¬15.5M,â¬62K,1916.0,Right,RCM,6'2,159lbs,58.0,53.0,62.0,83.0,45.0,82.0,46.0,49.0,77.0,83.0,67.0,73.0,68.0,72.0,68.0,63.0,74.0,83.0,67.0,62.0,66.0,66.0,60.0,73.0,50.0,80.0,75.0,72.0,64.0,8.0,7.0,14.0,14.0,12.0
197225.0,N. Lodeiro,29.0,https://cdn.sofifa.org/players/4/19/197225.png,Uruguay,https://cdn.sofifa.org/flags/60.png,78.0,78.0,Seattle Sounders FC,https://cdn.sofifa.org/teams/2/light/111144.png,â¬10M,â¬11K,1992.0,Left,CAM,5'7,152lbs,81.0,65.0,42.0,79.0,70.0,78.0,81.0,77.0,76.0,81.0,71.0,68.0,78.0,79.0,78.0,71.0,65.0,87.0,61.0,76.0,66.0,42.0,75.0,78.0,76.0,78.0,44.0,49.0,37.0,12.0,16.0,11.0,7.0,15.0
230965.0,N. NÃ¡ndez,22.0,https://cdn.sofifa.org/players/4/19/230965.png,Uruguay,https://cdn.sofifa.org/flags/60.png,76.0,85.0,Boca Juniors,https://cdn.sofifa.org/teams/2/light/1877.png,â¬11.5M,â¬20K,2015.0,Right,RCM,5'8,159lbs,57.0,66.0,48.0,76.0,31.0,74.0,46.0,52.0,69.0,76.0,78.0,78.0,81.0,80.0,79.0,74.0,77.0,91.0,82.0,65.0,83.0,78.0,73.0,70.0,55.0,79.0,77.0,76.0,73.0,8.0,8.0,14.0,5.0,15.0
176580.0,L. SuÃ¡rez,31.0,https://cdn.sofifa.org/players/4/19/176580.png,Uruguay,https://cdn.sofifa.org/flags/60.png,91.0,91.0,FC Barcelona,https://cdn.sofifa.org/teams/2/light/241.png,â¬80M,â¬455K,2346.0,Right,RS,6'0,190lbs,77.0,93.0,77.0,82.0,88.0,87.0,86.0,84.0,64.0,90.0,86.0,75.0,82.0,92.0,83.0,86.0,69.0,90.0,83.0,85.0,87.0,41.0,92.0,84.0,85.0,85.0,62.0,45.0,38.0,27.0,25.0,31.0,33.0,37.0
,,,,Uruguay,,,,,,,,,,,,,,,,,,,,,,,,,,,,,,,,,,,,,,,,,,,,,,
186537.0,C. Stuani,31.0,https://cdn.sofifa.org/players/4/19/186537.png,Uruguay,https://cdn.sofifa.org/flags/60.png,80.0,80.0,Girona FC,https://cdn.sofifa.org/teams/2/light/110062.png,â¬13.5M,â¬41K,2018.0,Right,ST,6'1,159lbs,68.0,80.0,87.0,74.0,74.0,78.0,66.0,57.0,65.0,79.0,70.0,69.0,65.0,81.0,62.0,79.0,83.0,81.0,78.0,75.0,81.0,36.0,82.0,69.0,80.0,77.0,45.0,49.0,42.0,16.0,14.0,9.0,16.0,8.0
225647.0,M. CampaÃ±a,29.0,https://cdn.sofifa.org/players/4/19/225647.png,Uruguay,https://cdn.sofifa.org/flags/60.png,79.0,80.0,Independiente,https://cdn.sofifa.org/teams/2/light/110093.png,â¬10M,â¬21K,1243.0,Right,GK,6'1,165lbs,21.0,16.0,15.0,31.0,12.0,18.0,15.0,13.0,25.0,29.0,40.0,48.0,40.0,71.0,44.0,28.0,60.0,18.0,81.0,17.0,27.0,30.0,18.0,55.0,23.0,51.0,22.0,16.0,18.0,81.0,75.0,74.0,80.0,82.0
240976.0,M. Saracchi,20.0,https://cdn.sofifa.org/players/4/19/240976.png,Uruguay,https://cdn.sofifa.org/flags/60.png,75.0,85.0,RB Leipzig,https://cdn.sofifa.org/teams/2/light/112172.png,â¬9.5M,â¬27K,2015.0,Left,LB,5'8,152lbs,76.0,64.0,68.0,74.0,48.0,73.0,50.0,61.0,70.0,72.0,87.0,83.0,77.0,71.0,78.0,71.0,76.0,79.0,68.0,68.0,77.0,66.0,71.0,71.0,53.0,72.0,75.0,70.0,72.0,8.0,8.0,11.0,10.0,9.0
223959.0,L. Torreira,22.0,https://cdn.sofifa.org/players/4/19/223959.png,Uruguay,https://cdn.sofifa.org/flags/60.png,82.0,87.0,Arsenal,https://cdn.sofifa.org/teams/2/light/1.png,â¬25M,â¬98K,2111.0,Right,LCM,5'6,141lbs,74.0,50.0,55.0,83.0,65.0,78.0,66.0,76.0,77.0,81.0,81.0,74.0,83.0,79.0,93.0,78.0,52.0,85.0,66.0,74.0,85.0,87.0,65.0,74.0,48.0,78.0,84.0,84.0,75.0,5.0,5.0,13.0,7.0,9.0
239053.0,F. Valverde,19.0,https://cdn.sofifa.org/players/4/19/239053.png,Uruguay,https://cdn.sofifa.org/flags/60.png,74.0,84.0,Real Madrid,https://cdn.sofifa.org/teams/2/light/243.png,â¬8.5M,â¬46K,1789.0,Right,CM,6'0,172lbs,49.0,67.0,48.0,78.0,38.0,70.0,51.0,48.0,81.0,74.0,69.0,68.0,51.0,69.0,64.0,77.0,49.0,68.0,56.0,77.0,59.0,68.0,61.0,75.0,42.0,70.0,70.0,67.0,50.0,6.0,10.0,6.0,15.0,8.0
229636.0,G. Pereiro,23.0,https://cdn.sofifa.org/players/4/19/229636.png,Uruguay,https://cdn.sofifa.org/flags/60.png,77.0,82.0,PSV,https://cdn.sofifa.org/teams/2/light/247.png,â¬12M,â¬15K,1922.0,Left,RM,6'2,168lbs,73.0,72.0,73.0,72.0,68.0,79.0,72.0,73.0,62.0,83.0,72.0,75.0,74.0,74.0,56.0,81.0,70.0,67.0,75.0,76.0,57.0,30.0,75.0,77.0,70.0,76.0,36.0,40.0,36.0,7.0,15.0,10.0,10.0,12.0
213400.0,D. Laxalt,25.0,https://cdn.sofifa.org/players/4/19/213400.png,Uruguay,https://cdn.sofifa.org/flags/60.png,78.0,80.0,Milan,https://cdn.sofifa.org/teams/2/light/47.png,â¬12.5M,â¬76K,1992.0,Left,LB,5'10,150lbs,78.0,60.0,43.0,78.0,49.0,77.0,61.0,60.0,74.0,78.0,86.0,90.0,85.0,72.0,77.0,74.0,65.0,93.0,60.0,66.0,72.0,64.0,68.0,68.0,49.0,76.0,64.0,64.0,68.0,10.0,12.0,10.0,9.0,8.0
239207.0,M. GÃ³mez,21.0,https://cdn.sofifa.org/players/4/19/239207.png,Uruguay,https://cdn.sofifa.org/flags/60.png,80.0,85.0,RC Celta,https://cdn.sofifa.org/teams/2/light/450.png,â¬20.5M,â¬25K,1806.0,Right,ST,6'1,185lbs,56.0,85.0,81.0,76.0,76.0,76.0,68.0,53.0,58.0,77.0,61.0,65.0,45.0,77.0,53.0,79.0,73.0,71.0,80.0,76.0,65.0,21.0,83.0,60.0,67.0,65.0,35.0,20.0,23.0,7.0,8.0,13.0,12.0,6.0
197655.0,S. Coates,27.0,https://cdn.sofifa.org/players/4/19/197655.png,Uruguay,https://cdn.sofifa.org/flags/60.png,82.0,83.0,Sporting CP,https://cdn.sofifa.org/teams/2/light/237.png,â¬21M,â¬19K,1714.0,Right,RCB,6'5,203lbs,17.0,42.0,80.0,72.0,39.0,64.0,39.0,19.0,70.0,62.0,46.0,64.0,32.0,75.0,30.0,50.0,54.0,81.0,94.0,30.0,83.0,80.0,49.0,50.0,65.0,74.0,84.0,85.0,85.0,16.0,13.0,15.0,16.0,13.0
223816.0,J. RodrÃ­guez,24.0,https://cdn.sofifa.org/players/4/19/223816.png,Uruguay,https://cdn.sofifa.org/flags/60.png,74.0,79.0,Santos Laguna,https://cdn.sofifa.org/teams/2/light/110144.png,â¬7.5M,â¬18K,1884.0,Right,LS,5'10,170lbs,62.0,71.0,65.0,67.0,70.0,71.0,58.0,62.0,55.0,70.0,87.0,82.0,75.0,70.0,77.0,79.0,71.0,85.0,74.0,69.0,60.0,35.0,75.0,57.0,76.0,69.0,23.0,40.0,45.0,12.0,14.0,10.0,7.0,10.0
179813.0,E. Cavani,31.0,https://cdn.sofifa.org/players/4/19/179813.png,Uruguay,https://cdn.sofifa.org/flags/60.png,89.0,89.0,Paris Saint-Germain,https://cdn.sofifa.org/teams/2/light/73.png,â¬60M,â¬200K,2161.0,Right,LS,6'1,170lbs,70.0,89.0,89.0,78.0,90.0,80.0,77.0,76.0,52.0,82.0,75.0,76.0,77.0,91.0,59.0,87.0,88.0,92.0,78.0,79.0,84.0,48.0,93.0,77.0,85.0,82.0,52.0,45.0,39.0,12.0,5.0,13.0,13.0,10.0
182495.0,M. CÃ¡ceres,31.0,https://cdn.sofifa.org/players/4/19/182495.png,Uruguay,https://cdn.sofifa.org/flags/60.png,78.0,78.0,Lazio,https://cdn.sofifa.org/teams/2/light/46.png,â¬7M,â¬44K,1921.0,Right,LCB,5'11,172lbs,69.0,37.0,76.0,67.0,65.0,60.0,68.0,41.0,65.0,66.0,76.0,78.0,79.0,73.0,74.0,70.0,91.0,69.0,72.0,59.0,78.0,80.0,50.0,58.0,50.0,76.0,80.0,78.0,77.0,2.0,3.0,4.0,2.0,4.0
200395.0,,,,Uruguay,,,,,,,,,,,,,,,,,,,,,,,,,,,,,,,,,,,,,,,,,,,,,,
228736.0,W. FarÃ­Ã±ez,20.0,https://cdn.sofifa.org/players/4/19/228736.png,Venezuela,https://cdn.sofifa.org/flags/61.png,73.0,83.0,Millonarios FC,https://cdn.sofifa.org/teams/2/light/101105.png,â¬5M,â¬2K,1265.0,Right,GK,5'11,179lbs,18.0,20.0,17.0,24.0,15.0,14.0,22.0,18.0,24.0,24.0,46.0,51.0,69.0,63.0,65.0,25.0,78.0,39.0,51.0,18.0,23.0,17.0,15.0,66.0,23.0,40.0,23.0,13.0,21.0,73.0,70.0,69.0,74.0,77.0
233329.0,M. Villanueva,25.0,https://cdn.sofifa.org/players/4/19/233329.png,Venezuela,https://cdn.sofifa.org/flags/61.png,68.0,73.0,CF Reus Deportiu,https://cdn.sofifa.org/teams/2/light/110854.png,â¬1M,â¬4K,1599.0,Left,CB,6'3,172lbs,65.0,27.0,62.0,63.0,42.0,42.0,49.0,47.0,59.0,58.0,52.0,52.0,49.0,65.0,50.0,64.0,72.0,60.0,87.0,43.0,69.0,67.0,38.0,34.0,38.0,62.0,62.0,70.0,64.0,13.0,6.0,13.0,5.0,12.0
237297.0,Y. Osorio,24.0,https://cdn.sofifa.org/players/4/19/237297.png,Venezuela,https://cdn.sofifa.org/flags/61.png,75.0,83.0,VitÃ³ria GuimarÃ£es,https://cdn.sofifa.org/teams/2/light/1887.png,â¬8.5M,â¬10K,1535.0,Right,RCB,6'2,185lbs,33.0,25.0,70.0,64.0,35.0,44.0,31.0,32.0,38.0,59.0,57.0,56.0,49.0,72.0,44.0,40.0,71.0,66.0,87.0,30.0,88.0,67.0,30.0,33.0,40.0,72.0,74.0,76.0,73.0,11.0,9.0,10.0,13.0,8.0
234059.0,J. Chancellor,26.0,https://cdn.sofifa.org/players/4/19/234059.png,Venezuela,https://cdn.sofifa.org/flags/61.png,64.0,68.0,,https://cdn.sofifa.org/flags/61.png,â¬0,â¬0,1302.0,Right,RCB,6'6,190lbs,26.0,23.0,58.0,41.0,20.0,34.0,22.0,20.0,37.0,40.0,51.0,56.0,46.0,65.0,33.0,48.0,52.0,56.0,86.0,29.0,65.0,62.0,24.0,29.0,37.0,53.0,64.0,66.0,58.0,12.0,7.0,9.0,13.0,13.0
240982.0,J. Moreno,24.0,https://cdn.sofifa.org/players/4/19/240982.png,Venezuela,https://cdn.sofifa.org/flags/61.png,68.0,75.0,DC United,https://cdn.sofifa.org/teams/2/light/688.png,â¬1.1M,â¬3K,1804.0,Right,CDM,5'9,161lbs,65.0,51.0,62.0,71.0,48.0,60.0,73.0,65.0,69.0,64.0,64.0,65.0,54.0,63.0,73.0,66.0,64.0,73.0,72.0,59.0,74.0,66.0,39.0,54.0,61.0,70.0,65.0,65.0,59.0,6.0,10.0,6.0,7.0,11.0
234060.0,Y. Herrera,20.0,https://cdn.sofifa.org/players/4/19/234060.png,Venezuela,https://cdn.sofifa.org/flags/61.png,68.0,78.0,New York City FC,https://cdn.sofifa.org/teams/2/light/112828.png,â¬1.3M,â¬24K,1773.0,Right,RM,6'0,170lbs,44.0,49.0,65.0,68.0,39.0,64.0,56.0,51.0,64.0,67.0,53.0,61.0,60.0,63.0,68.0,64.0,75.0,69.0,71.0,51.0,76.0,64.0,60.0,62.0,59.0,53.0,67.0,71.0,68.0,6.0,7.0,9.0,14.0,8.0
210463.0,D. MachÃ­s,25.0,https://cdn.sofifa.org/players/4/19/210463.png,Venezuela,https://cdn.sofifa.org/flags/61.png,75.0,78.0,Udinese,https://cdn.sofifa.org/teams/2/light/55.png,â¬8.5M,â¬26K,1901.0,Right,LM,5'7,163lbs,70.0,73.0,51.0,72.0,57.0,82.0,65.0,56.0,66.0,74.0,91.0,88.0,88.0,66.0,91.0,81.0,81.0,68.0,58.0,69.0,72.0,38.0,70.0,64.0,62.0,72.0,40.0,35.0,24.0,8.0,8.0,10.0,13.0,10.0
191053.0,T. RincÃ³n,30.0,https://cdn.sofifa.org/players/4/19/191053.png,Venezuela,https://cdn.sofifa.org/flags/61.png,77.0,77.0,Torino,https://cdn.sofifa.org/teams/2/light/54.png,â¬8M,â¬42K,2056.0,Right,CM,5'10,168lbs,65.0,45.0,58.0,78.0,60.0,76.0,55.0,52.0,76.0,77.0,76.0,69.0,75.0,76.0,81.0,77.0,91.0,87.0,77.0,72.0,82.0,80.0,66.0,72.0,46.0,74.0,72.0,82.0,78.0,12.0,12.0,11.0,8.0,12.0
212618.0,F. Aristeguieta,26.0,https://cdn.sofifa.org/players/4/19/212618.png,Venezuela,https://cdn.sofifa.org/flags/61.png,69.0,72.0,AmÃ©rica de Cali,https://cdn.sofifa.org/teams/2/light/101099.png,â¬1.3M,â¬2K,1744.0,Right,RS,6'2,185lbs,46.0,70.0,80.0,60.0,70.0,61.0,63.0,49.0,49.0,67.0,52.0,55.0,66.0,63.0,51.0,68.0,80.0,78.0,85.0,65.0,75.0,30.0,69.0,46.0,67.0,57.0,48.0,43.0,40.0,8.0,6.0,8.0,15.0,11.0
238555.0,J. Savarino,21.0,https://cdn.sofifa.org/players/4/19/238555.png,Venezuela,https://cdn.sofifa.org/flags/61.png,72.0,82.0,Real Salt Lake,https://cdn.sofifa.org/teams/2/light/111065.png,â¬5M,â¬5K,1812.0,Right,RW,5'7,146lbs,59.0,66.0,43.0,68.0,60.0,78.0,65.0,53.0,58.0,74.0,85.0,84.0,90.0,69.0,81.0,78.0,55.0,79.0,57.0,65.0,59.0,30.0,66.0,69.0,60.0,70.0,36.0,42.0,30.0,7.0,13.0,6.0,15.0,12.0
,,,,Venezuela,,,,,,,,,,,,,,,,,,,,,,,,,,,,,,,,,,,,,,,,,,,,,,
,,,,Venezuela,,,,,,,,,,,,,,,,,,,,,,,,,,,,,,,,,,,,,,,,,,,,,,
,,,,Venezuela,,,,,,,,,,,,,,,,,,,,,,,,,,,,,,,,,,,,,,,,,,,,,,
246015.0,L. Mago,23.0,https://cdn.sofifa.org/players/4/19/246015.png,Venezuela,https://cdn.sofifa.org/flags/61.png,67.0,73.0,,https://cdn.sofifa.org/flags/61.png,â¬0,â¬0,1671.0,Left,LB,6'0,174lbs,68.0,34.0,64.0,68.0,19.0,56.0,41.0,50.0,63.0,48.0,75.0,78.0,58.0,60.0,56.0,59.0,62.0,68.0,73.0,42.0,66.0,63.0,40.0,39.0,65.0,52.0,66.0,68.0,67.0,12.0,14.0,9.0,8.0,12.0
228738.0,J. Murillo,22.0,https://cdn.sofifa.org/players/4/19/228738.png,Venezuela,https://cdn.sofifa.org/flags/61.png,70.0,79.0,CD Tondela,https://cdn.sofifa.org/teams/2/light/112516.png,â¬2.7M,â¬3K,1729.0,Right,RM,5'7,146lbs,52.0,69.0,58.0,60.0,52.0,72.0,69.0,38.0,45.0,74.0,90.0,93.0,92.0,76.0,91.0,70.0,69.0,77.0,33.0,68.0,45.0,20.0,67.0,58.0,66.0,59.0,39.0,18.0,20.0,7.0,7.0,13.0,9.0,12.0
182896.0,R. Rosales,29.0,https://cdn.sofifa.org/players/4/19/182896.png,Venezuela,https://cdn.sofifa.org/flags/61.png,74.0,74.0,RCD Espanyol,https://cdn.sofifa.org/teams/2/light/452.png,â¬4.3M,â¬10K,1961.0,Right,RB,5'9,154lbs,74.0,51.0,60.0,71.0,54.0,69.0,66.0,54.0,66.0,72.0,75.0,75.0,80.0,78.0,77.0,71.0,72.0,72.0,65.0,63.0,69.0,75.0,64.0,63.0,48.0,74.0,73.0,72.0,74.0,11.0,12.0,11.0,16.0,8.0
207877.0,J. MartÃ­nez,25.0,https://cdn.sofifa.org/players/4/19/207877.png,Venezuela,https://cdn.sofifa.org/flags/61.png,81.0,84.0,Atlanta United,https://cdn.sofifa.org/teams/2/light/112885.png,â¬22.5M,â¬14K,1917.0,Right,LS,5'7,152lbs,53.0,84.0,77.0,68.0,73.0,75.0,68.0,57.0,55.0,78.0,89.0,92.0,91.0,79.0,90.0,79.0,86.0,72.0,73.0,65.0,66.0,20.0,84.0,58.0,70.0,75.0,20.0,20.0,15.0,12.0,14.0,14.0,12.0,8.0
231638.0,A. PeÃ±aranda,21.0,https://cdn.sofifa.org/players/4/19/231638.png,Venezuela,https://cdn.sofifa.org/flags/61.png,73.0,81.0,Watford,https://cdn.sofifa.org/teams/2/light/1795.png,â¬6M,â¬32K,1819.0,Right,ST,6'1,183lbs,64.0,71.0,64.0,69.0,75.0,79.0,65.0,63.0,56.0,78.0,78.0,75.0,77.0,70.0,63.0,70.0,60.0,46.0,64.0,69.0,62.0,36.0,72.0,75.0,77.0,65.0,26.0,37.0,31.0,6.0,14.0,13.0,8.0,6.0
,,,,Venezuela,,,,,,,,,,,,,,,,,,,,,,,,,,,,,,,,,,,,,,,,,,,,,,
240921.0,R. HernÃ¡ndez,20.0,https://cdn.sofifa.org/players/4/19/240921.png,Venezuela,https://cdn.sofifa.org/flags/61.png,62.0,76.0,StabÃ¦k Fotball,https://cdn.sofifa.org/teams/2/light/917.png,â¬600K,â¬1K,1545.0,Right,RB,5'7,154lbs,60.0,31.0,40.0,44.0,22.0,56.0,58.0,30.0,43.0,55.0,82.0,83.0,73.0,58.0,82.0,33.0,71.0,71.0,61.0,35.0,53.0,61.0,47.0,37.0,38.0,42.0,55.0,62.0,59.0,8.0,13.0,6.0,12.0,6.0
183819.0,R. Feltscher,27.0,https://cdn.sofifa.org/players/4/19/183819.png,Venezuela,https://cdn.sofifa.org/flags/61.png,67.0,67.0,LA Galaxy,https://cdn.sofifa.org/teams/2/light/697.png,â¬625K,â¬3K,1792.0,Right,RB,6'0,198lbs,70.0,32.0,59.0,65.0,49.0,63.0,69.0,49.0,59.0,61.0,54.0,60.0,60.0,66.0,59.0,70.0,71.0,76.0,78.0,67.0,70.0,70.0,54.0,62.0,39.0,62.0,68.0,67.0,66.0,10.0,14.0,12.0,16.0,7.0
193359.0,R. Romo,28.0,https://cdn.sofifa.org/players/4/19/193359.png,Venezuela,https://cdn.sofifa.org/flags/61.png,69.0,71.0,,https://cdn.sofifa.org/flags/61.png,â¬0,â¬0,1105.0,Right,GK,6'6,187lbs,11.0,15.0,11.0,22.0,10.0,13.0,14.0,13.0,33.0,21.0,50.0,50.0,48.0,71.0,28.0,21.0,74.0,28.0,66.0,13.0,23.0,26.0,18.0,36.0,20.0,61.0,14.0,11.0,14.0,65.0,63.0,61.0,69.0,73.0
189250.0,S. RondÃ³n,28.0,https://cdn.sofifa.org/players/4/19/189250.png,Venezuela,https://cdn.sofifa.org/flags/61.png,77.0,77.0,Newcastle United,https://cdn.sofifa.org/teams/2/light/13.png,â¬9M,â¬41K,1763.0,Right,RS,6'1,216lbs,48.0,75.0,84.0,68.0,75.0,70.0,53.0,52.0,40.0,71.0,69.0,68.0,66.0,73.0,46.0,85.0,71.0,72.0,85.0,68.0,72.0,33.0,77.0,53.0,65.0,76.0,36.0,23.0,13.0,13.0,13.0,7.0,5.0,14.0